id,name,tamil,category,type,price_rs,mrp_rs,wholesale_rs,unit,pack,in_stock
1407,AJAY BABY 12RS SAR,அசூய் பிரஷ் 12₹ சரம்,Baby Care,baby,102.0,144.0,102.0,Strip,,Yes
1220,HIM .BABY POW 50G,,Baby Care,baby,55.0,60.0,50.0,50 g,,Yes
1219,HIM BABY POW 100G,,Baby Care,baby,85.0,95.0,82.0,100 g,,Yes
1214,HIM.BABY SOAP,,Baby Care,soap,60.0,62.0,54.0,1 unit,,Yes
2115,HIMALAYA BABY SHAMPOO,,Baby Care,shampoo,100.0,115.0,98.0,1 unit,,Yes
1566,HUGGIES MEDIUM,,Baby Care,baby,165.0,192.0,160.0,1 unit,,Yes
1567,HUGGIES SMALL,,Baby Care,baby,135.0,160.0,134.0,1 unit,,Yes
1569,HUGGIES XL,,Baby Care,baby,250.0,,245.0,1 unit,,Yes
1540,JOHNSON BABY 20RS,,Baby Care,baby,18.0,20.0,17.5,1 unit,,Yes
2258,NAN,,Baby Care,baby,0.0,,,1 unit,,Yes
1441,PAMPERS LARGE CASE [18],பாம்பர்ஸ் பெரியது பெட்ழ(18),Baby Care,baby,4720.0,,4710.0,Case,18,Yes
1341,PAMPERS LARGE SAR[8],பாம்பர்ஸ் பெரியது சரம்(8),Baby Care,baby,210.0,224.0,202.0,Strip,8,Yes
1151,PAMPERS MEDIUM CASE[144],பாம்பர்ஸ் மீழயம் பெடழ(144),Baby Care,baby,3720.0,,3700.0,Case,144,Yes
1340,PAMPERS MEDIUM SAR[8],பாம்பர்ஸ் மீழயம்; சரம்(8),Baby Care,baby,165.0,200.0,160.0,Strip,8,Yes
1339,PAMPERS NEW BORN SAR,பாம்பர்ஸ் நியூபார்ன் சரம்,Baby Care,baby,125.0,144.0,123.0,Strip,,Yes
1150,PAMPERS SMALL CASE[192],பாம்பர்ஸ் சிறியது பெடழ(192),Baby Care,baby,3000.0,,2980.0,Case,192,Yes
1163,PAMPERS SMALL SAR [8],பாம்பர்ஸ் சிறிய சரம்(8),Baby Care,baby,130.0,160.0,135.0,Strip,8,Yes
1342,PAMPERS XL SAR[8],பாம்பர்ஸ் எக்ஸ்எல் சரம்(8),Baby Care,baby,250.0,280.0,250.0,Strip,8,Yes
780,3ROSES 100G,3ரொசஸ் 100கி,Beverages,tea,87.0,90.0,85.0,100 g,,Yes
779,3ROSES 100G CASE[120],3ரொசஸ் 100கி பெட்ழ(20),Beverages,tea,9750.0,10800.0,9750.0,100 g,120,Yes
770,3ROSES 10RS BAG(17),3ரொசஸ் 10₹ பை(17),Beverages,tea,3430.0,4080.0,3430.0,Bag,17,Yes
771,3ROSES 10RS KATTU,3ரொசஸ் 10₹ கட்டு,Beverages,tea,212.0,240.0,210.0,Bundle,,Yes
772,3ROSES 10RS SARAM,3ரொசஸ் 10₹ சரம்,Beverages,tea,72.0,80.0,70.0,Strip,,Yes
781,3ROSES 250G,3ரொசஸ் 250கி,Beverages,tea,212.0,220.0,210.0,250 g,,Yes
776,3ROSES 25G,3ரொசஸ் 25கி,Beverages,tea,20.0,25.0,18.5,25 g,,Yes
775,3ROSES 25G KATTU[40],3ரொசஸ் 25கி கட்டு(40),Beverages,tea,880.0,1000.0,875.0,25 g,40,Yes
765,3ROSES 2RS BAG(200),3ரொசஸ் 2₹ பை(200),Beverages,tea,3400.0,4000.0,3400.0,Bag,200,Yes
2173,3ROSES 2RS KATTU[5],3ரொசஸ் 2₹ (5),Beverages,tea,180.0,500.0,175.0,Bundle,5,Yes
766,3ROSES 2RS SARAM,3ரொசஸ் 2₹ சரம்,Beverages,tea,36.0,,35.0,Strip,,Yes
783,3ROSES 500G,3ரொசஸ் 500கி,Beverages,tea,350.0,,345.0,500 g,,Yes
782,3ROSES 500G KATTU[2],3ரொசஸ் 500கி கட்டு(2),Beverages,tea,600.0,680.0,600.0,500 g,2,No
778,3ROSES 50G,3ரொசஸ் 50கி,Beverages,tea,40.0,45.0,40.0,50 g,,Yes
777,3ROSES 50G KATTU[20],3ரொசஸ் 50கி கட்டு(20),Beverages,tea,820.0,900.0,810.0,50 g,20,Yes
767,3ROSES 5RS BAG(50),3ரொசஸ் 5₹ பை,Beverages,tea,4850.0,6000.0,4800.0,Bag,50,Yes
768,3ROSES 5RS KATTU,3ரொசஸ் 5₹ கட்டு,Beverages,tea,105.0,120.0,105.0,Bundle,,Yes
769,3ROSES 5RS SARAM,3ரொசஸ் 5₹ சரம்,Beverages,tea,54.0,60.0,52.0,Strip,,Yes
2250,7UP 20RS,,Beverages,soda,20.0,,18.0,1 unit,,Yes
2280,7UP 2LTR,,Beverages,soda,90.0,100.0,85.0,2 L,,Yes
269,7UP 40RS,7அப் 40₹,Beverages,soda,35.0,40.0,34.0,1 unit,,Yes
268,7UP 40RS[24],7அப் 50₹(24),Beverages,soda,780.0,840.0,780.0,1 unit,24,Yes
1373,7UP 50RS CASE[12],7அப் 50₹ பெட்ழ (12),Beverages,soda,550.0,600.0,545.0,Case,12,Yes
1309,AAPA. SODA KG,ஆப்ப சொடா,Beverages,soda,55.0,100.0,50.0,1 unit,,Yes
1406,AJAY BRUSH 11RS SAR,அசூய் பிரஷ் 11₹ சரம்,Beverages,coffee,95.0,132.0,92.0,Strip,,Yes
2132,AJAY BRUSH 20RS,அசூய் பிரஷ் 20₹ சரம்,Beverages,coffee,125.0,,120.0,1 unit,,Yes
2094,AJAY BRUSH 22RS,,Beverages,coffee,17.0,22.0,16.0,1 unit,,Yes
5,APPLE DAILEE,ஆப்பிள் டெய்லி,Beverages,generic,215.0,360.0,215.0,1 unit,,No
333,AVT 1RS KATTU,ஏவிழ 1₹ கட்டு,Beverages,tea,80.0,100.0,75.0,Bundle,,Yes
334,AVT 1RS SARAM,ஏவிழ 1₹ சரம்,Beverages,tea,9.0,10.0,8.0,Strip,,Yes
337,AVT 2RS KATTU,ஏவிழ 2₹ கட்டு,Beverages,tea,85.0,100.0,80.0,Bundle,,Yes
338,AVT 2RS SARAM,ஏவிழ 2₹ சரம்,Beverages,tea,18.0,20.0,16.0,Strip,,Yes
335,AVT 5RS KATTU,ஏவிழ 5₹ கட்டு,Beverages,tea,220.0,250.0,210.0,Bundle,,Yes
336,AVT 5RS SARAM,ஏவிழ 5₹ சரம்,Beverages,tea,45.0,50.0,42.0,Strip,,Yes
2265,AVT PREMIUM 1/2,,Beverages,tea,155.0,300.0,150.0,1 unit,,Yes
2266,AVT PREMIUM 1/2,,Beverages,tea,150.0,300.0,148.0,1 unit,,Yes
1364,BADAM KG,பாதாம் 1கி,Beverages,health,650.0,1000.0,640.0,1 unit,,Yes
2112,BADAM MIX 5RS,,Beverages,health,55.0,65.0,54.0,1 unit,,Yes
1358,BADAM PISUNI KG,பாதாம் பிசின் 1கி,Beverages,health,250.0,500.0,240.0,1 unit,,Yes
8,BEER DAILEE,ழுர் டெய்லி,Beverages,generic,220.0,360.0,220.0,1 unit,,Yes
2032,BOOST 10RS,பூஸ்ட் 10₹ சரம்,Beverages,health,110.0,120.0,109.5,1 unit,,Yes
731,BOOST 200G JAR,,Beverages,health,127.0,135.0,125.0,200 g,,Yes
732,BOOST 200G POUCH,பூஸ்ட் 200கி பவுச்,Beverages,health,0.0,,,200 g,,Yes
729,BOOST 2RS SARAM,பூஸ்ட் 2₹ சரம்,Beverages,health,22.0,24.0,21.5,Strip,,Yes
733,BOOST 500G JAR,,Beverages,health,280.0,295.0,280.0,500 g,,Yes
734,BOOST 500G POUCH,பூஸ்ட் 500கி பவுச்,Beverages,health,212.0,214.0,208.0,500 g,,Yes
725,BOOST 5RS SARAM,பூஸ்ட் 5₹ சரம்,Beverages,health,69.0,75.0,70.0,Strip,,Yes
726,BOOST 5RS [48],பூஸ்ட் 5₹ (48),Beverages,health,3200.0,3600.0,3200.0,1 unit,48,Yes
1155,BOVANTO 1.5L PC,பவண்டொ 1.5லி,Beverages,soda,82.0,90.0,81.0,1.5 L,,Yes
2130,BOVANTO 1.5L [12],பவண்டொ 1.5லி (12),Beverages,soda,855.0,1080.0,850.0,1.5 L,12,Yes
2051,BOVANTO 25RS,பவண்டொ 25₹,Beverages,soda,23.0,25.0,22.5,1 unit,,Yes
1190,BOVANTO 500ML CASE[24],பவண்டொ 500மிலி பெட்ழ(24),Beverages,soda,980.0,,960.0,500 ml,24,Yes
1387,BOVANTO 500ML PC,பவன்டொ 500மிலி,Beverages,soda,42.0,45.0,40.0,500 ml,,Yes
760,BRU 10RS CASE(24),ப்₹ 10₹ பெட்ழ(24),Beverages,coffee,2460.0,2880.0,2460.0,Case,24,Yes
761,BRU 10RS SARAM,ப்₹ 10₹ சரம்,Beverages,coffee,108.0,120.0,108.0,Strip,,No
755,BRU 2RS CASE(24),ப்₹ பெட்ழ(24),Beverages,coffee,5720.0,6912.0,5712.0,Case,24,Yes
756,BRU 2RS KATTU,ப்₹ 2₹ கட்டு,Beverages,coffee,245.0,288.0,255.0,Bundle,,Yes
757,BRU 2RS SARAM,ப்₹ 2₹ சரம்,Beverages,coffee,21.0,24.0,21.0,Strip,,Yes
762,BRU 3RS,ப்₹ 3₹,Beverages,coffee,33.0,36.0,33.0,1 unit,,Yes
758,BRU 5RS CASE(80),ப்₹ 5₹ பெட்ழ(80),Beverages,coffee,4950.0,6000.0,4930.0,Case,80,Yes
759,BRU 5RS SARAM,ப்₹ 5₹ சரம்,Beverages,coffee,66.0,75.0,55.0,Strip,,Yes
764,BRU STRONG 200G,ப்₹ ஸ்ட்ராஹ் 200கி,Beverages,coffee,185.0,190.0,182.0,200 g,,Yes
763,BRU TRIPTI 200G,ப்₹ திருப்தி 200கி,Beverages,coffee,178.0,185.0,175.0,200 g,,Yes
1331,CHAKRA 10RS KATTU[2],சக்ரா கொல்டு 10₹ கட்டு(2),Beverages,tea,175.0,200.0,200.0,Bundle,2,Yes
1332,CHAKRA 10RS SAR,சக்ரா 10₹ சரம்,Beverages,tea,86.0,100.0,100.0,Strip,,Yes
1211,CHAKRA 5RS SAR,சக்ரா 5₹ சரம்,Beverages,tea,44.0,50.0,43.0,Strip,,Yes
1330,CHAKRA GOLD 100G,சக்ரா கொல்டு 100கிராம்,Beverages,tea,85.0,90.0,84.0,100 g,,Yes
1455,CHAKRA GOLD 1RS KATTU[10],சக்ரா கொல்டு 1₹ கட்டு (10),Beverages,tea,85.0,100.0,82.0,Bundle,10,Yes
1326,CHAKRA GOLD 25G KATTU[40],சக்ரா கொல்டு 25கிராம் கட்டு(40),Beverages,tea,910.0,1000.0,900.0,25 g,40,Yes
1327,CHAKRA GOLD 25G PC,சக்ரா கொல்டு 25கிராம்,Beverages,tea,23.5,25.0,23.0,25 g,,Yes
1106,CHAKRA GOLD 2KG KATTU,சக்ரா கொல்டு 2கி கட்டு,Beverages,tea,1160.0,1500.0,1150.0,2 kg,,Yes
1229,CHAKRA GOLD 2RS KATTU[10],சக்ரா கொல்டு 2₹ கட்டு(10),Beverages,tea,175.0,200.0,178.0,Bundle,10,Yes
2064,CHAKRA GOLD 500G,சக்ரா கொல்டு 500கிராம்,Beverages,tea,295.0,300.0,292.0,500 g,,Yes
1328,CHAKRA GOLD 50G KATTU[20],சக்ரா கொல்டு 50கிராம் கட்டு(20),Beverages,tea,780.0,900.0,760.0,50 g,20,Yes
1329,CHAKRA GOLD 50G PC,சக்ரா கொல்டு 50கிராம,Beverages,tea,39.0,45.0,38.0,50 g,,Yes
1161,CHAKRA GOLD 5RS KATTU[6],சக்ரா கொல்டு 5₹ கட்டு(6),Beverages,tea,250.0,300.0,245.0,Bundle,6,Yes
2087,CHOCOS NARASUS 10RS,,Beverages,chocolate,70.0,100.0,70.0,1 unit,,Yes
2088,CLAPS JUICE 5RS,,Beverages,soda,135.0,200.0,132.0,1 unit,,Yes
1103,COFFEE CUP 110ML SAR,காபி கப் 110மிலி சரம்,Beverages,coffee,50.0,80.0,43.0,110 ml,,Yes
2091,COKE 1LTR,கொக் 1லீ,Beverages,soda,47.0,50.0,45.5,1 L,,Yes
1532,COKE 20RS,கொக் 20₹,Beverages,soda,18.5,20.0,18.0,1 unit,,Yes
256,COKE 20RS[24],கொக் 20₹(24),Beverages,soda,440.0,480.0,432.0,1 unit,24,Yes
249,COKE 35RS,கொக் 35₹,Beverages,soda,32.0,35.0,31.0,1 unit,,Yes
250,COKE 35RS[24],கொக் 35₹ (24),Beverages,soda,730.0,960.0,720.0,1 unit,24,Yes
262,COKE 99RS,கொக் 99₹,Beverages,soda,90.0,99.0,89.0,1 unit,,Yes
261,COKE 99RS[9],கொக் 99₹(9),Beverages,soda,816.0,891.0,800.0,1 unit,9,Yes
1160,COL BRUSH 20RS SAR,கொல்கெட் பிரஷ் 20₹ சரம்,Beverages,coffee,135.0,300.0,130.0,Strip,,Yes
9,COLA DAILEE,கொலா டெய்லி,Beverages,soda,220.0,360.0,220.0,1 unit,,Yes
1473,FROOTI 1.8L,ப்ருட்ழ 1.8லி,Beverages,soda,90.0,100.0,85.0,1.8 L,,Yes
1474,FROOTI MANGO 10RS TETRA,ப்₹ட்ழ மெஹ்கொ 10₹,Beverages,soda,370.0,400.0,360.0,1 unit,,Yes
1,GREEN DAILEE,கிரீன் டெய்லி,Beverages,generic,220.0,360.0,220.0,1 unit,,Yes
7,GUAVA DAILEE,கொவா டெய்லி,Beverages,generic,215.0,360.0,215.0,1 unit,,Yes
297,HAPPY DENT WAVE,,Beverages,soda,190.0,205.0,185.0,1 unit,,Yes
298,HAPPY DENT WHITE,,Beverages,soda,190.0,205.0,185.0,1 unit,,Yes
1265,HAPPY HAPPY 10RS KATTU,,Beverages,soda,55.0,60.0,108.0,Bundle,,Yes
1264,HAPPY HAPPY 5RS KATTU,,Beverages,soda,110.0,120.0,106.0,Bundle,,Yes
1235,HAPPYHAPPY 5RS CASE[6],,Beverages,soda,620.0,720.0,610.0,Case,6,Yes
735,HORLICKS 200G JAR,,Beverages,health,123.0,129.0,122.0,200 g,,Yes
736,HORLICKS 200G POUCH,,Beverages,health,104.0,109.0,103.0,200 g,,Yes
730,HORLICKS 2RS SARAM,,Beverages,health,22.0,24.0,21.5,Strip,,Yes
737,HORLICKS 500G JAR,,Beverages,health,274.0,289.0,270.0,500 g,,Yes
738,HORLICKS 500G POUCH,,Beverages,health,210.0,219.0,208.0,500 g,,Yes
727,HORLICKS 5RS SARAM,,Beverages,health,55.0,60.0,55.0,Strip,,Yes
728,HORLICKS 5RS [60],,Beverages,health,3200.0,3600.0,3200.0,1 unit,60,No
2,JINTHA DAILEE,,Beverages,generic,220.0,360.0,220.0,1 unit,,Yes
547,KAARATHOOL 500G NARASUS,காரத்துஸள் 500கிராம் நரசூஸ்,Beverages,spice,140.0,235.0,135.0,500 g,,Yes
258,KINLEY SODA,கின்லெ சொடா,Beverages,soda,19.0,22.0,18.75,1 unit,,Yes
257,KINLEY SODA[24],கின்லெ சொடா(24),Beverages,soda,450.0,600.0,440.0,1 unit,24,Yes
2225,LAZER BRUSH 20RS,,Beverages,coffee,110.0,300.0,102.0,1 unit,,Yes
1193,LEHAR SODA 20RS CASE[24],லெயுர் சொடா 20₹ பெட்ழ(24),Beverages,soda,375.0,480.0,365.0,Case,24,Yes
1542,LEMON SODA 10RS,லெமன் சொடா 10₹,Beverages,soda,225.0,300.0,220.0,1 unit,,Yes
2231,LITCHI JUICE 10RS [6],,Beverages,soda,54.0,60.0,53.0,1 unit,6,Yes
2210,LOTTIE CHOCOLATE 1RS,,Beverages,soda,90.0,100.0,85.0,1 unit,,Yes
267,MAAZA 10RS  TETRA,மாசா 10₹ டெட்ரா,Beverages,soda,340.0,400.0,320.0,1 unit,,Yes
254,MAAZA 42RS,மாசா 42₹,Beverages,soda,38.0,42.0,37.0,1 unit,,No
253,MAAZA 42RS[24],மாசா 42₹(24),Beverages,soda,870.0,1008.0,840.0,1 unit,24,Yes
266,MAAZA 75RS,மாசா 75₹,Beverages,soda,70.0,75.0,66.0,1 unit,,Yes
265,MAAZA 75RS[12],மாசா 75₹(12),Beverages,soda,800.0,900.0,780.0,1 unit,12,Yes
3,MANGO DAILEE,மெஹ்கொ டெய்லி,Beverages,generic,215.0,360.0,215.0,1 unit,,Yes
11,MANGO DAILEE 500ML,மெஹ்கொ டெய்லி 500மிலி,Beverages,generic,600.0,960.0,595.0,500 ml,,Yes
784,MASALA TEA 100G,மசாலா டீ 100கி,Beverages,tea,95.0,100.0,94.0,100 g,,Yes
773,MASALA TEA 10RS KATTU,மசாலா டீ 10₹ கட்டு,Beverages,tea,370.0,420.0,360.0,Bundle,,Yes
774,MASALA TEA 10RS SARAM,மசாலா டீ 10₹ சரம்,Beverages,tea,125.0,140.0,122.0,Strip,,Yes
785,MASALA TEA 250G,மசாலா டீ 250கி,Beverages,tea,225.0,240.0,225.0,250 g,,Yes
1471,MASS BADAM DRINK 200G,மாஸ் பாதாம் ழரிஹ்க் 200கிராம்,Beverages,health,95.0,99.0,92.0,200 g,,Yes
1316,MEERA BADAM 2RS SAR,மீரா பாதாம் 2₹ சரம்,Beverages,health,35.0,40.0,34.0,Strip,,Yes
1174,MILKSHAKE CHOCO 10RS CASE[100],மில்க்ஷெக் சாக்கொ 10₹ பெட்ழ(100),Beverages,milk,860.0,1000.0,850.0,Case,100,Yes
1175,MILKSHAKE CHOCO 10RS PC,மில்க்ஷெக் சாக்கொ 10₹,Beverages,milk,9.0,10.0,8.75,Piece,,Yes
2264,MOLDING BRUSH [6],,Beverages,coffee,70.0,1200.0,65.0,1 unit,6,Yes
740,MOTHER HORLICKS  500G,,Beverages,health,590.0,620.0,580.0,500 g,,Yes
739,MOTHER HORLICKS 200G,,Beverages,health,232.0,245.0,230.0,200 g,,Yes
541,NARASUS 2RS KATTU,நரசூஸ் 2₹ கட்டு,Beverages,generic,265.0,288.0,260.0,Bundle,,Yes
542,NARASUS 2RS SARAM,நரசூஸ் 2₹ சரம்,Beverages,generic,22.0,24.0,22.0,Strip,,Yes
543,NARASUS 5RS KATTU,நரசூஸ் 5₹ கட்டு,Beverages,generic,135.0,150.0,140.0,Bundle,,Yes
544,NARASUS 5RS SARAM,நரசூஸ் 5₹ சரம்,Beverages,generic,46.0,50.0,45.0,Strip,,Yes
2127,NARASUS COFFEE 200G,,Beverages,coffee,180.0,200.0,175.0,200 g,,Yes
549,NARASUS COFFEE 65RS,நரசூஸ் காபி 65₹,Beverages,coffee,50.0,65.0,45.0,1 unit,,Yes
2125,NARASUS IDLY 5RS,,Beverages,generic,45.0,,43.0,1 unit,,Yes
2252,NARASUS SUKKU MALLI 5RS,,Beverages,spice,39.0,50.0,38.0,1 unit,,Yes
1448,NARASUS TEA 500G,நரசுூஸ் டீ 500கிராம்,Beverages,tea,145.0,177.0,140.0,500 g,,No
550,NARASUS UDHAYAM 47RS,நரசூஸ் உதயம் 47₹,Beverages,generic,40.0,47.0,35.0,1 unit,,Yes
146,NARTAJ SHARPENER,நட்ராசூ; ஷார்ப்னர்,Beverages,tea,48.0,60.0,47.0,1 unit,,Yes
1399,OMAM WATER KATTU [10],ஓமம் வாட்டர் கட்டு(10),Beverages,water,65.0,120.0,60.0,Bundle,10,Yes
1426,ORAL B BRUSH 20RS SAR,ஓரல் பி பிரஷ் 20₹ சரம்,Beverages,coffee,125.0,300.0,120.0,Strip,,Yes
6,ORANGE DAILEE,ஆரஞ்சு டெ;யலி,Beverages,generic,220.0,360.0,220.0,1 unit,,Yes
4,PANEER DAILEE,பன்னீர் டெய்லி,Beverages,milk,220.0,360.0,220.0,1 unit,,No
1509,PANNER ROSE WATER 10RS,,Beverages,water,70.0,100.0,63.0,1 unit,,Yes
2251,PEPSI 20RS,,Beverages,soda,18.0,20.0,18.0,1 unit,,Yes
271,PEPSI 40RS,பெப்சி 40₹,Beverages,soda,780.0,840.0,35.0,1 unit,,Yes
270,PEPSI 40RS[24],பெப்சி 40₹(24),Beverages,soda,780.0,840.0,770.0,1 unit,24,Yes
2216,PINAPPLE DAILEE 10RS,,Beverages,generic,215.0,300.0,210.0,1 unit,,Yes
1040,RIPPLE TEA 1/2KG,ரிப்பல் டீ 1ஃ2கி,Beverages,tea,140.0,155.0,136.0,2 kg,,Yes
1042,RIPPLE TEA 10RS SAR,ரிப்பல் டீ 10₹ சரம்,Beverages,tea,78.0,100.0,76.0,Strip,,Yes
1039,RIPPLE TEA 1KG,ரிப்பல் டீ 1கி,Beverages,tea,275.0,310.0,270.0,1 kg,,Yes
1041,RIPPLE TEA 250G,ரிப்பல் டீ 250கிராம்,Beverages,tea,76.0,80.0,74.0,250 g,,Yes
546,SAMEYA NARASUS,செமியா நரசூஸ்,Beverages,generic,15.0,20.0,12.0,1 unit,,Yes
1568,SENSODYNE BRUSH 35RS,,Beverages,coffee,300.0,420.0,290.0,1 unit,,Yes
10,SODA DAILEE,சொடா டெய்லி,Beverages,soda,180.0,240.0,175.0,1 unit,,Yes
2090,SPRITE 1LTR,ஸ்ப்ரைட் 1லீ,Beverages,soda,48.0,50.0,45.5,1 L,,Yes
1533,SPRITE 20RS,ஸ்ப்ரைட் 20₹,Beverages,soda,18.5,20.0,18.0,1 unit,,Yes
255,SPRITE 20RS[28],ஸ்ப்ரைட் 20₹(28),Beverages,soda,490.0,560.0,490.0,1 unit,28,Yes
252,SPRITE 35RS,ஸ்ப்ரைட் 35₹,Beverages,soda,31.0,35.0,30.0,1 unit,,Yes
251,SPRITE 35RS[24],ஸ்ப்ரைட் 35₹(24),Beverages,soda,730.0,960.0,720.0,1 unit,24,Yes
260,SPRITE 99RS,ஸ்ப்ரைட் 99₹,Beverages,soda,90.0,99.0,89.0,1 unit,,Yes
259,SPRITE 99RS[9],ஸ்ப்ரைட் 99₹(9),Beverages,soda,810.0,891.0,800.0,1 unit,9,Yes
786,TAJ MAHAL 100G,,Beverages,tea,92.0,95.0,91.0,100 g,,Yes
1154,TANG 5RS SAR[12],டெஹ்க் 5₹ சரம்(12),Beverages,soda,55.0,60.0,54.0,Strip,12,Yes
1481,TANG ORANGE 30RS,டெஹ் ஆரஞ்சு 30₹,Beverages,soda,27.0,30.0,26.0,1 unit,,Yes
1480,TANG ORANGE 5RS SAR,டெஹ் ஆரஞ்சு 5₹ சரம்,Beverages,soda,56.0,60.0,55.0,Strip,,Yes
548,TEA 500G NARASUS,டீ 500கிராம் நரசூஸ்,Beverages,tea,130.0,168.0,125.0,500 g,,Yes
2260,TEA CAKE 2RS,,Beverages,tea,85.0,100.0,80.0,1 unit,,Yes
1102,TEA CUP ROLL SAR,டீ கப் ரொல் சரம்,Beverages,tea,35.0,50.0,30.0,Strip,,Yes
34,TEA FILTER A29,டீ பில்டர் ஏ29,Beverages,tea,100.0,120.0,80.0,1 unit,,Yes
35,TEA FILTER WHITE 4C,டீ பில்டர் வெள்ளை 4சி,Beverages,tea,90.0,120.0,80.0,1 unit,,Yes
2059,TUTTI FRUITI,,Beverages,soda,150.0,300.0,150.0,1 unit,,Yes
51,WASHING BRUSH BIG,வாஷிஹ் பிரஷ் பெரியது,Beverages,coffee,75.0,90.0,60.0,1 unit,,Yes
50,WASHING BRUSH SMALL,வாஷிஹ் பிரஷ் சிறியது,Beverages,coffee,50.0,60.0,50.0,1 unit,,Yes
280,WATER 1 LITRE,தண்ணீர் 1லி,Beverages,water,110.0,240.0,100.0,1 unit,,Yes
2274,WATER 1 LTR SURE,,Beverages,water,100.0,200.0,95.0,1 L,,Yes
281,WATER 2 LITRE,தண்ணீர் 2லி,Beverages,water,120.0,270.0,125.0,1 unit,,Yes
283,WATER 300 ML,தண்ணீர் 300மிலி,Beverages,water,120.0,180.0,120.0,300 ml,,Yes
282,WATER 500ML,தண்ணீர் 500மிலி,Beverages,water,120.0,240.0,120.0,500 ml,,Yes
1560,WATER CAN 25L,,Beverages,water,40.0,100.0,40.0,25 L,,Yes
1104,WATER CUP LITE SAR,வாட்டர் கப் லைட் சரம்,Beverages,water,65.0,100.0,50.0,Strip,,Yes
1105,WATER CUP STRNG,வாட்டா கப் ஸ்ட்ராஹ்,Beverages,water,80.0,200.0,78.0,Cup,,Yes
1167,CADBURY CHOCOBAKES RS 35,காட்பரி சாக்கொ பெக்ஸ் ₹35,Chocolates & Candy,chocolate,31.0,35.0,30.5,1 unit,,Yes
1089,CANDYMAN FANT JAR 5RS,,Chocolates & Candy,candy,175.0,200.0,173.0,Jar,,Yes
580,CHOCOLUSH 35RS,சர்க்கொலஷ் 35₹,Chocolates & Candy,chocolate,33.0,35.0,32.0,1 unit,,Yes
2222,CHOCOS 5RS,,Chocolates & Candy,chocolate,52.0,60.0,50.0,1 unit,,Yes
2223,CHOCOS KWALITY 10RS,,Chocolates & Candy,chocolate,110.0,120.0,105.0,1 unit,,Yes
295,ECLAIRS JAR,,Chocolates & Candy,candy,185.0,202.0,180.0,Jar,,Yes
656,FIVESTAR 10RS,5ஸ்டார் 10₹,Chocolates & Candy,chocolate,10.0,,9.0,1 unit,,Yes
657,FIVESTAR 10RS BOX,5ஸ்டார் 10₹ பெட்ழ,Chocolates & Candy,chocolate,360.0,400.0,350.0,Box,,Yes
654,FIVESTAR 5RS,5ஸ்டார் 5₹,Chocolates & Candy,chocolate,5.0,,4.6,1 unit,,Yes
655,FIVESTAR 5RS BOX,5ஸ்டார் 5₹ பெட்ழ,Chocolates & Candy,chocolate,250.0,270.0,240.0,Box,,Yes
671,GEMS 5RS BOX,டிசூம்ஸ் 5₹ பெட்ழ,Chocolates & Candy,chocolate,425.0,480.0,430.0,Box,,Yes
670,GEMS 5RS KATTU,டிசூம்ஸ் 5₹ கட்டு,Chocolates & Candy,chocolate,220.0,240.0,215.0,Bundle,,Yes
669,GEMS 5RS SARAM,டிசூம்ஸ் 5₹ சரம்,Chocolates & Candy,chocolate,72.0,80.0,80.0,Strip,,Yes
1003,GEMS LUVIT 5RS[45],டிசூம்ஸ் லுவிட் 5₹(45),Chocolates & Candy,chocolate,205.0,225.0,202.0,1 unit,45,Yes
1194,GINGER CANDY 10RS [20],,Chocolates & Candy,candy,160.0,200.0,150.0,1 unit,20,Yes
1404,GINGER CANDY 5RS ATA[20],ஈஞ்சி கென்ழ 5₹ ஏழஏ(20),Chocolates & Candy,candy,75.0,100.0,70.0,1 unit,20,Yes
538,GO CHOCO ROLL,கொ சாக்கொ ரொல்,Chocolates & Candy,chocolate,160.0,175.0,175.0,1 unit,,Yes
2215,GOOD DAY CHOCO 10RS,,Chocolates & Candy,biscuit,110.0,120.0,108.0,1 unit,,Yes
1462,GUAVA CANDY 50P,கொவா கென்ழ 50ழப,Chocolates & Candy,candy,45.0,80.0,45.0,1 unit,,Yes
1482,GUM 5RS SAR,கம் 5₹ சரம்,Chocolates & Candy,candy,41.0,50.0,42.0,Strip,,Yes
1169,JELLY TEDDY 5RS JAR,,Chocolates & Candy,candy,150.0,200.0,140.0,Jar,,Yes
294,JUST JELLY,சூஸ்ட் டிசூல்லி,Chocolates & Candy,candy,220.0,225.0,200.0,1 unit,,Yes
1581,JUST JELLY LOTTE 1RS,,Chocolates & Candy,candy,180.0,200.0,175.0,1 unit,,Yes
690,KITKAT 10RS,கிட்காட் 10₹,Chocolates & Candy,chocolate,9.5,10.0,9.2,1 unit,,Yes
691,KITKAT 10RS BOX,கிட்காட் 10₹ பெட்ழ,Chocolates & Candy,chocolate,380.0,,375.0,Box,,Yes
688,KITKAT 5RS,கிட்காட் 5₹,Chocolates & Candy,chocolate,5.0,,4.6,1 unit,,Yes
689,KITKAT 5RS BOX,கிட்காட் 5₹ பெட்ழ,Chocolates & Candy,chocolate,280.0,300.0,275.0,Box,,Yes
2017,LACTO KING 1RS,,Chocolates & Candy,candy,100.0,120.0,95.0,1 unit,,Yes
2004,LOLLY 1RS,,Chocolates & Candy,candy,50.0,60.0,48.0,1 unit,,Yes
1002,LOLLY LUVIT 5RS[48],லொலி லுவிட் 5₹(48),Chocolates & Candy,candy,212.0,240.0,210.0,1 unit,48,Yes
2213,LOLLY POP GLUCOSE 5RS,,Chocolates & Candy,candy,210.0,240.0,200.0,1 unit,,Yes
1514,LOTTIE CHOCO PIE 10RS,,Chocolates & Candy,chocolate,155.0,200.0,150.0,1 unit,,Yes
2240,LOTTIE CHOCO PIE 15RS,,Chocolates & Candy,chocolate,230.0,270.0,228.0,1 unit,,Yes
526,MALKIST CHOCO 5RS,மால்கிஸ்ட் சாக்கொ 5₹,Chocolates & Candy,chocolate,140.0,150.0,160.0,1 unit,,Yes
1267,MELODY 1RS BIG PKT,மெலழ 1₹ பெரிய பாக்.,Chocolates & Candy,candy,92.0,100.0,86.0,Packet,,Yes
1158,MELODY 1RS SMALL PKT,மெலழ 1₹ சிறிய பாக்.,Chocolates & Candy,candy,45.0,50.0,44.0,Packet,,Yes
686,MUNCH 10RS,மன்ச் 10₹,Chocolates & Candy,chocolate,9.5,10.0,9.0,1 unit,,Yes
687,MUNCH 10RS BOX,மன்ச் 10₹ பெட்ழ,Chocolates & Candy,chocolate,380.0,420.0,378.0,Box,,Yes
684,MUNCH 5RS,மன்ச் 5₹,Chocolates & Candy,chocolate,4.6,5.0,4.5,1 unit,,Yes
685,MUNCH 5RS BOX,மன்ச் 5₹ பெட்ழ,Chocolates & Candy,chocolate,150.0,,145.0,Box,,Yes
704,MUNCH 5RS CASE,மன்ச் 5₹ பெட்ழ,Chocolates & Candy,chocolate,0.0,,,Case,,Yes
2181,MUNCH CHOCO 10RS[16],,Chocolates & Candy,chocolate,135.0,160.0,130.0,1 unit,16,Yes
2138,MY FRUIT JELLY 1RS,,Chocolates & Candy,candy,60.0,150.0,50.0,1 unit,,Yes
2164,ORANGE MITTAI 1RS JAR,,Chocolates & Candy,candy,135.0,200.0,130.0,Jar,,Yes
1128,ORANGE MITTAI RAT RS 50P,ஆரஞ்சு மிட்டாய் 50,Chocolates & Candy,candy,70.0,100.0,65.0,1 unit,,Yes
178,THENMITTAI,தென் மிட்டாய்,Chocolates & Candy,candy,15.0,20.0,15.0,1 unit,,Yes
2089,THENMITTAI JAR 5RS,,Chocolates & Candy,candy,138.0,200.0,136.0,Jar,,Yes
589,TIGER CRM CHOCO 5RS,டைகர் சிஆர்எம் சாக்கொ 5₹,Chocolates & Candy,chocolate,54.0,60.0,52.0,1 unit,,Yes
2003,TREAT CHOCO 10RS,,Chocolates & Candy,chocolate,9.1,10.0,9.1,1 unit,,Yes
2224,UNIBIC CHOCO 50RS,,Chocolates & Candy,chocolate,35.0,50.0,31.0,1 unit,,Yes
2202,UNIBIC CHOCO KISS 20RS,,Chocolates & Candy,chocolate,18.0,,17.5,1 unit,,Yes
2242,50 50 CHEESE 10RS,,Dairy & Ghee,milk,10.0,,9.0,1 unit,,Yes
2134,ANN PALKOVA 5RS,,Dairy & Ghee,milk,95.0,,90.0,1 unit,,Yes
1138,CLASSIC MILK 10RS PC,கிளாசிக் பால் ₹10,Dairy & Ghee,milk,9.2,10.0,9.1,Piece,,Yes
2198,CLASSIC MILK 10RS[120],கிளாசிக் பால் ₹10 (120),Dairy & Ghee,milk,1090.0,1200.0,1080.0,1 unit,120,Yes
2199,CLASSIC MILK 18RS[60],கிளாசிக் பால் ₹18(60),Dairy & Ghee,milk,950.0,,930.0,1 unit,60,Yes
1137,CLASSIC MILK 20RS PC,கிளாசிக் பால் ₹20,Dairy & Ghee,milk,19.0,20.0,18.0,Piece,,Yes
2056,CURD RUSI 1LTR,,Dairy & Ghee,milk,65.0,100.0,65.0,1 L,,Yes
1517,DAIRY MILK 100RS,டெய்ரி மி;ல்க் 100₹,Dairy & Ghee,milk,92.0,100.0,91.0,1 unit,,Yes
660,DAIRY MILK 10RS,டெய்ரி மி;ல்க் 10₹,Dairy & Ghee,milk,9.5,10.0,9.0,1 unit,,Yes
661,DAIRY MILK 10RS BOX,டெய்ரி மி;ல்க் 10₹ பெட்ழ,Dairy & Ghee,milk,500.0,560.0,510.0,Box,,Yes
2075,DAIRY MILK 190RS,டெய்ரி மி;ல்க் 190₹,Dairy & Ghee,milk,170.0,190.0,170.0,1 unit,,Yes
662,DAIRY MILK 20RS,டெய்ரி மி;ல்க் 20₹,Dairy & Ghee,milk,18.5,20.0,18.0,1 unit,,Yes
663,DAIRY MILK 20RS BOX,டெய்ரி மி;ல்க் 20₹ பெட்ழ,Dairy & Ghee,milk,700.0,800.0,725.0,Box,,Yes
665,DAIRY MILK 40RS BOX,டெய்ரி மி;ல்க் 40₹ பெட்ழ,Dairy & Ghee,milk,1060.0,1200.0,1050.0,Box,,Yes
664,DAIRY MILK 50RS,டெய்ரி மி;ல்க் 50₹,Dairy & Ghee,milk,45.0,,45.0,1 unit,,Yes
658,DAIRY MILK 5RS,டெய்ரி மி;ல்க் 5₹,Dairy & Ghee,milk,5.0,,4.6,1 unit,,Yes
2012,DAIRY MILK 5RS,,Dairy & Ghee,milk,4.5,5.0,4.5,1 unit,,Yes
1350,DAIRY MILK RS 5[72],டெய்ரி மில்க் ₹5(72),Dairy & Ghee,milk,335.0,360.0,330.0,1 unit,72,Yes
659,DIARY MILK 5RS BOX,டெய்ரி மி;ல்க் 5₹ பெட்ழ,Dairy & Ghee,milk,330.0,360.0,320.0,Box,,Yes
2237,DOODH MILK 10RS,,Dairy & Ghee,milk,95.0,100.0,88.0,1 unit,,Yes
2238,DOODH MILK 5RS,,Dairy & Ghee,milk,100.0,,88.0,1 unit,,Yes
503,ELIT  CAK BUTTER 120RS,எலிட் கெக் பட்டர் 120₹,Dairy & Ghee,milk,110.0,120.0,105.0,1 unit,,Yes
1250,GHEE G.R.B 100G KATTU[10],,Dairy & Ghee,oil,880.0,930.0,865.0,100 g,10,Yes
1251,GHEE G.R.B 100G PC,,Dairy & Ghee,oil,90.0,93.0,88.0,100 g,,Yes
2172,GHEE G.R.B 10RS,,Dairy & Ghee,oil,8.5,10.0,8.3,1 unit,,Yes
2171,GHEE G.R.B 10RS [80],,Dairy & Ghee,oil,670.0,800.0,660.0,1 unit,80,Yes
1254,GHEE G.R.B 1L POUCH,,Dairy & Ghee,oil,710.0,750.0,700.0,1 L,,Yes
1252,GHEE G.R.B 200G PC,,Dairy & Ghee,oil,190.0,,185.0,200 g,,Yes
1580,GHEE G.R.B 20RS,,Dairy & Ghee,oil,185.0,200.0,180.0,1 unit,,Yes
1253,GHEE G.R.B 500G JAR,,Dairy & Ghee,oil,395.0,433.0,390.0,500 g,,Yes
1248,GHEE G.R.B 50G KATTU[20],,Dairy & Ghee,oil,890.0,1040.0,885.0,50 g,20,Yes
1249,GHEE G.R.B 50G PC,,Dairy & Ghee,oil,46.0,60.0,45.0,50 g,,Yes
1295,GHEE UDHA. KRISH 100G KATU[10],நெய் உதயகிருஷ்ணா 100கிராம் கட்டு,Dairy & Ghee,oil,900.0,970.0,880.0,100 g,10,No
1296,GHEE UDHA. KRISH 100G PC,நெய் உதயகிருஷ்ணா 100கிராம்,Dairy & Ghee,oil,78.0,97.0,77.5,100 g,,Yes
1293,GHEE UDHA. KRISH 50G KATTU[20],நெய் உதயகிருஷ்ணா 50கிராம் கடடு(20),Dairy & Ghee,oil,900.0,1000.0,890.0,50 g,20,Yes
1294,GHEE UDHA. KRISH 50G PC,நெய் உதயகிருஷ்ணா 50கிராம்,Dairy & Ghee,oil,46.0,50.0,45.0,50 g,,Yes
1292,GHEE UDHA. KRISH RS10 PC,நெய் உதயகிருஷ்ணா ₹10,Dairy & Ghee,oil,8.5,10.0,8.3,10 pc,,Yes
1291,GHEE UDHA. KRISH RS10 SAR,நெய் உதயகிருஷ்ணா ₹10 சரம்,Dairy & Ghee,oil,197.0,250.0,195.0,Strip,,Yes
1290,GHEE UDHA. KRISH RS10[50],நெய் உதயகிருஷ்ணா ₹10(50),Dairy & Ghee,oil,380.0,500.0,375.0,1 unit,50,Yes
560,GOODAY BUTTER 5RS,குட்டெ பட்டர் 5₹,Dairy & Ghee,milk,55.0,60.0,54.0,1 unit,,Yes
1168,JELLY BUTTERFLY 5RS JAR,,Dairy & Ghee,milk,150.0,200.0,145.0,Jar,,Yes
525,MALKIST CHEESE 5RS,மால்கிஸ்ட் சீஸ் 5₹,Dairy & Ghee,milk,135.0,150.0,160.0,1 unit,,Yes
552,MILK 10RS,மில்க் 10₹,Dairy & Ghee,milk,9.15,10.0,9.0,1 unit,,Yes
551,MILK 10RS [120],மில்க் 10₹ (120),Dairy & Ghee,milk,1080.0,1200.0,1080.0,1 unit,120,Yes
1535,MILK 35RS,மில்க் 35₹,Dairy & Ghee,milk,32.5,35.0,31.5,1 unit,,Yes
1461,MILK 35RS CASE [56],மில்க் 35₹ பெட்ழ(56),Dairy & Ghee,milk,1730.0,1960.0,1725.0,Case,56,Yes
555,MILK 5RS,மில்க் 5₹,Dairy & Ghee,milk,4.6,5.0,4.6,1 unit,,No
554,MILK 5RS KATTU,மில்க் 5₹ கட்டு,Dairy & Ghee,milk,138.0,150.0,136.0,Bundle,,Yes
553,MILK 5RS [210],மில்க் 5₹ (210),Dairy & Ghee,milk,950.0,,945.0,1 unit,210,Yes
2042,MILK CREAM 10RS,மில்க் கிரீம் 10₹,Dairy & Ghee,milk,9.5,100.0,9.1,1 unit,,Yes
556,MILK CREAM 10RS [72],மில்க் கிரீம் 10₹ (72),Dairy & Ghee,milk,650.0,720.0,650.0,1 unit,72,Yes
2203,MILK POWDER 10RS,பால் பவுடர் 10₹,Dairy & Ghee,milk,120.0,,110.0,1 unit,,Yes
2066,MILK POWDER 5RS,பால் பவுடர் 5₹,Dairy & Ghee,milk,54.0,60.0,55.0,1 unit,,Yes
2097,MILK WAFER ROLL 5RS,,Dairy & Ghee,milk,92.0,100.0,90.0,1 unit,,No
2060,MILKMAID,,Dairy & Ghee,milk,200.0,,200.0,1 unit,,Yes
2114,MILKY BAR 10RS,,Dairy & Ghee,milk,9.0,10.0,9.0,1 unit,,Yes
683,MILKY BAR 5RS,மில்கிபார் 5₹,Dairy & Ghee,milk,5.0,,4.6,1 unit,,Yes
682,MILKY BAR 5RS BOX,மில்கிபார் 5₹ பெட்ழ,Dairy & Ghee,milk,130.0,140.0,125.0,Box,,Yes
531,NABATI CHEESE 10RS,நபாட்ழ ச்சீஸ் 10₹,Dairy & Ghee,milk,8.5,10.0,8.0,1 unit,,Yes
536,NABATI CHEESE 5RS,நபாட்ழ ச்சீஸ் 5₹,Dairy & Ghee,milk,155.0,180.0,150.0,1 unit,,Yes
977,NANDHINI 100ML BOX[10],நந்தினி 100மிலி பெட்ழ,Dairy & Ghee,milk,1480.0,3000.0,1460.0,100 ml,10,Yes
978,NANDHINI 100ML KATTU,நந்தினி 100மிலி கட்டு,Dairy & Ghee,milk,180.0,300.0,170.0,100 ml,,Yes
975,NANDHINI 50ML BOX[10],நந்தினி 500மிலி பெட்ழ(10),Dairy & Ghee,milk,1500.0,4000.0,1480.0,50 ml,10,Yes
976,NANDHINI 50ML KATTU,நந்தினி 50மிலி கட்டு,Dairy & Ghee,milk,180.0,400.0,170.0,50 ml,,Yes
979,NANDHINI BOX[20],நந்தினி பெட்ழ(20),Dairy & Ghee,milk,1500.0,1800.0,1500.0,Box,20,Yes
1289,PALKOVA 1RS,பால்கொவா 1₹,Dairy & Ghee,milk,46.0,60.0,45.0,1 unit,,Yes
1499,ROSEMILK ESSENCE,ரொஸ்மில்க் எசென்ஸ்,Dairy & Ghee,milk,33.0,35.0,32.0,1 unit,,Yes
1240,SUN MILK 10RS CASE[108],சன் மில்க் 10₹ பெட்ழ(108),Dairy & Ghee,milk,970.0,1080.0,965.0,Case,108,Yes
1506,SUPER MILK 10RS [K],,Dairy & Ghee,milk,104.0,120.0,102.0,1 unit,,Yes
1587,SUPERMILK 10RS [120],,Dairy & Ghee,milk,1000.0,1200.0,980.0,1 unit,120,Yes
1583,VILLAKU GHEE 10RS,விளக்கு நெய் 10₹,Dairy & Ghee,oil,150.0,200.0,145.0,1 unit,,Yes
1551,A2B DAL MIXTURE 5RS,,Dal & Pulses,dal,70.0,80.0,69.0,1 unit,,Yes
1552,A2B DAL MIXTURE 5RS,,Dal & Pulses,dal,70.0,80.0,69.0,1 unit,,Yes
1556,A2B MASALA M.DHAL 5RS,,Dal & Pulses,dal,70.0,80.0,69.0,1 unit,,Yes
1555,A2B MOONG DHAL 5RS,,Dal & Pulses,dal,53.0,60.0,51.0,1 unit,,Yes
1528,DALDA 50ML,,Dal & Pulses,oil,85.0,120.0,80.0,50 ml,,Yes
1258,GINGELY OIL [GOLD MEDAL] 200ML PC,நல்லெண்நெய் (கொல்டு மெடல்)200மிலி,Dal & Pulses,oil,67.0,90.0,65.0,200 ml,,Yes
1256,GINGELY OIL [GOLD MEDAL]1L,நல்லெண்நெய் (கொல்டு மெடல்)1லி,Dal & Pulses,oil,310.0,400.0,300.0,1 L,,Yes
1255,GINGELY OIL[GOLD MEDAL] 1/2,நல்லெண்நெய் (கொல்டு மெடல்) 1ஃ2,Dal & Pulses,oil,160.0,190.0,150.0,1 unit,,Yes
2095,KADALA MAVU,,Dal & Pulses,dal,85.0,200.0,85.0,1 unit,,Yes
2002,KADALA MAVUU 200G,கடலை மாவு 200கி,Dal & Pulses,dal,30.0,100.0,29.0,200 g,,Yes
1467,KADALAI MAVU 1/2 PKT,கடலை மாவு 1ஃ2 பாக்.,Dal & Pulses,dal,40.0,60.0,38.0,Packet,,Yes
1287,KADALAI.PAYIR,கடலை பயறு,Dal & Pulses,dal,90.0,150.0,86.0,1 unit,,Yes
196,KADALAPAYIR 5RS,கடலைபயிர் 5₹,Dal & Pulses,dal,42.0,60.0,40.0,1 unit,,Yes
241,KADALAPAYIR MASALA 1KG,கடலைபயிர் மசாலா 1கி,Dal & Pulses,dal,115.0,150.0,110.0,1 kg,,Yes
218,KADALPASI 5RS,கடல்பாசி 5₹,Dal & Pulses,dal,42.0,60.0,40.0,1 unit,,No
1349,KARUPU KADALAI SMALL KG,கருப்பு கடலை சிறியது,Dal & Pulses,dal,100.0,,80.0,1 unit,,Yes
1384,KARUPU ULUNDHU,கருப்பு உளுந்து,Dal & Pulses,dal,108.0,120.0,102.0,1 unit,,Yes
193,KONDAKADALAI 5RS,கொண்டைகடலை 5₹,Dal & Pulses,dal,42.0,60.0,40.0,1 unit,,Yes
2038,MYSORE SANDAL 69RS,,Dal & Pulses,dal,66.0,69.0,63.0,1 unit,,Yes
1523,PATHA ULUNDHU,பத்தை உளுந்து,Dal & Pulses,dal,140.0,200.0,132.0,1 unit,,No
347,POWER SANDAL 10RS,பவர் சான்டல் 10₹,Dal & Pulses,dal,105.0,120.0,102.0,1 unit,,Yes
345,POWER SANDAL 10RS SARAM,பவர் சான்டல் 10₹ சரம்,Dal & Pulses,dal,110.0,120.0,108.0,Strip,,Yes
330,POWER SANDAL 45RS,பவர் சான்டல் 45₹,Dal & Pulses,dal,43.0,45.0,42.0,1 unit,,Yes
1212,SANTOOR 10RS KATTU[4],சந்துஸர் 10₹ கட்டு(4),Dal & Pulses,dal,37.5,40.0,37.0,Bundle,4,Yes
1189,SANTOOR 41RS,சந்துஸர் 41₹,Dal & Pulses,dal,38.0,41.0,36.0,1 unit,,Yes
1371,SANTOOR 5RS KATTU[24],சந்துஸர் 5₹ கட்டு (24),Dal & Pulses,dal,108.0,120.0,105.0,Bundle,24,Yes
2271,SUGAR 100GRAM,,Dal & Pulses,dal,6.0,11.0,5.5,100 g,,Yes
1165,TOOR DHALL KG,து.பருப்பு,Dal & Pulses,dal,120.0,200.0,135.0,1 unit,,Yes
187,UPPU KADALAI 5RS,உப்பு கடலை 5₹,Dal & Pulses,dal,42.0,60.0,40.0,1 unit,,Yes
1131,UPPU KADALAI KG,உப்பு கடலை,Dal & Pulses,dal,115.0,200.0,110.0,1 unit,,Yes
1188,VARUKADALAI,வறுகடலை,Dal & Pulses,dal,100.0,120.0,95.0,1 unit,,Yes
185,VARUKADALAI 5RS,வறுகடலை 5₹,Dal & Pulses,dal,42.0,60.0,40.0,1 unit,,Yes
1149,VARUKADALAI 7* BAG[30],வறுகடலை பை(30),Dal & Pulses,dal,2900.0,3000.0,2820.0,Bag,30,Yes
1352,VELLA KADALAI BIG KG,வெ.கடலை பெரியது,Dal & Pulses,dal,160.0,200.0,150.0,1 unit,,No
1306,VELLA KADALAI SMALL KG,வெ.கடலை சிறியது,Dal & Pulses,dal,95.0,200.0,85.0,1 unit,,Yes
1337,VELLA ULUNDHU,வெள்ள உளுந்து,Dal & Pulses,dal,150.0,250.0,140.0,1 unit,,Yes
26,24 KARAT BAG[30],24 கெரட் பை(30),General Store,generic,2090.0,2250.0,2085.0,Bag,30,Yes
1604,50 50 ALL ROUNDER 10RS,,General Store,generic,108.0,120.0,105.0,1 unit,,No
566,50-50 10RS,50-50 10₹,General Store,generic,9.1,10.0,9.0,1 unit,,Yes
2187,50-50 10RS MASKA,,General Store,generic,9.0,10.0,9.0,1 unit,,Yes
565,50-50 10RS [108],50-50 10₹ (108),General Store,generic,965.0,1050.0,955.0,1 unit,108,Yes
564,50-50 5RS,50-50 5₹,General Store,generic,55.0,60.0,54.0,1 unit,,Yes
563,50-50 5RS [144],50-50 5₹ (144),General Store,generic,640.0,720.0,630.0,1 unit,144,Yes
43,666 SARAM,666 சரம்,General Store,generic,50.0,,45.0,Strip,,Yes
1436,7 O CLOCK PC,7ஓ கிளாக் 1எண்,General Store,generic,18.0,25.0,17.5,Piece,,Yes
1051,707 5RS BOX [60],707 5₹ பெட்ழ(60),General Store,generic,270.0,300.0,265.0,Box,60,Yes
1052,707 5RS PC,707 5₹,General Store,generic,4.5,5.0,4.45,Piece,,Yes
1047,707 BLUE 10RS BOX[60],707 புளு 10₹ பெட்ழ(60),General Store,generic,530.0,600.0,520.0,Box,60,Yes
1048,707 BLUE 10RS PC,707 புளு 10₹,General Store,generic,8.8,10.0,8.7,Piece,,Yes
1049,707 WHITE 10RS BOX[60],707 வெள்ளை 10₹ பெட்ழ(60),General Store,generic,505.0,600.0,500.0,Box,60,Yes
1050,707 WHITE 10RS PC,707 வெள்ளை 10₹,General Store,generic,8.7,10.0,8.65,Piece,,Yes
1451,A4 SHEET BUNDLE,ஏ4 ஷீட் பன்டல்,General Store,cake,250.0,500.0,245.0,Bundle,,Yes
300,AADHAV,ஆதவ்,General Store,generic,45.0,80.0,45.0,1 unit,,Yes
1456,ACTION 500 ATA,ஆக்ஷன் 500 அட்டை,General Store,generic,36.0,60.0,40.0,1 unit,,Yes
1585,ACTION 500 BOX,,General Store,generic,490.0,800.0,485.0,Box,,Yes
2151,AGNI BLUE 10RS,,General Store,generic,220.0,300.0,210.0,1 unit,,Yes
2152,AGNI RED 10RS,,General Store,generic,215.0,300.0,210.0,1 unit,,Yes
2018,ALA 10RS,,General Store,generic,100.0,,60.0,1 unit,,Yes
1525,ALL OUT MACHINE,ஆல் அவுட் மெசின்,General Store,generic,98.0,105.0,98.0,1 unit,,Yes
1494,ALLWIN WHITE 1RS,ஆல்வின் வெள்ளை 1₹,General Store,generic,98.0,125.0,95.0,1 unit,,Yes
2044,ALPENLIABLE 1RS,,General Store,generic,92.0,100.0,91.0,1 unit,,Yes
2160,ALPENLIABLE JAR 1RS,,General Store,generic,190.0,210.0,189.0,Jar,,Yes
291,ALPENLIEBE 5RS,ஏ.பென்லீப் 5₹,General Store,generic,215.0,240.0,210.0,1 unit,,Yes
1495,ALWIN STRAW 1RS,ஆல்வின் ஸ்ட்ரா 1₹,General Store,generic,100.0,125.0,98.0,1 unit,,Yes
14,AMERI. JAGEDEMBA BAG[26],அமெரி சூகதம்பா பை(26),General Store,generic,1480.0,1800.0,1460.0,Bag,26,Yes
1037,AMERI. RUCHI BAG [26],அமெரி ருசி பை(26),General Store,generic,1140.0,1900.0,1350.0,Bag,26,Yes
21,AMERICAN JAGADEMBA KG,அமெரிக்ன் டிசூகதம்பா,General Store,generic,60.0,70.0,60.0,1 unit,,No
1157,AMURTANJAN 2RS KATTU[5],அமுர்தாஞ்சன் 2₹ கட்டு(5),General Store,generic,155.0,200.0,150.0,Bundle,5,Yes
1282,AMURTANJAN 2RS SAR,அமுர்தாஞ்சன் 2₹ சரம்,General Store,generic,34.0,40.0,33.0,Strip,,Yes
2009,AMURTANJAN 44RS,அமுர்தாஞ்சன் 44₹,General Store,generic,38.0,44.0,37.0,1 unit,,Yes
1345,AMURTANJAN STR 40RS KATU[25],அமுர்தாஞ்சன் எஸ்ழஆர் 40₹ கட்டு(25),General Store,generic,850.0,1050.0,840.0,1 unit,25,Yes
1360,ANNATCHI POO KG,அண்ணாசி பூ 1கி,General Store,generic,800.0,1000.0,780.0,1 unit,,Yes
163,ANNI,அண்ணி,General Store,generic,35.0,40.0,35.0,1 unit,,Yes
170,ANNI BAG,அண்ணி பை,General Store,generic,1690.0,2040.0,1690.0,Bag,,Yes
1545,APPALA POO,,General Store,generic,180.0,300.0,170.0,1 unit,,Yes
143,APSARA CRAIYONS,அப்சரா கிரயான்ஸ்,General Store,generic,93.0,120.0,90.0,1 unit,,Yes
141,APSARA SHARPENER,அப்சரா ஷார்ப்னர்,General Store,pen,78.0,100.0,76.0,1 unit,,Yes
272,AQUAFINA 1L,அக்குவாபினா 1லி,General Store,water,170.0,240.0,160.0,1 L,,Yes
1110,ARASAN RS 22 BOX[60],அரசன் ₹22 பெட்ழ(60),General Store,generic,1100.0,3000.0,1085.0,Box,60,Yes
1111,ARASAN RS 22 PC,அரசன் ₹22,General Store,generic,19.0,22.0,18.5,22 pc,,Yes
1112,ARASAN RS 26 BOX [60],அரசன் ₹26 பெட்ழ(60),General Store,generic,1340.0,1560.0,1320.0,Box,60,Yes
1113,ARASAN RS 36PC,அரசன் 36 ₹,General Store,generic,34.0,36.0,32.0,36 pc,,Yes
36,ARNAKAYIR BLACK,அரைஞான் கயிறு,General Store,generic,75.0,100.0,55.0,1 unit,,Yes
37,ARNAKAYIR RED,அரைஞான் கயிறு சிவப்பு,General Store,generic,60.0,100.0,55.0,1 unit,,Yes
2083,AROMO 1LTR,,General Store,generic,700.0,900.0,700.0,1 L,,Yes
322,ASWINI 52RS,அஸ்வினி 52₹,General Store,generic,48.0,52.0,47.0,1 unit,,Yes
323,ASWINI 78RS,அஸ்வினி 78₹,General Store,generic,75.0,78.0,70.0,1 unit,,Yes
1537,AVUL,,General Store,generic,75.0,100.0,70.0,1 unit,,Yes
430,BANDAID JAR,,General Store,generic,150.0,200.0,160.0,Jar,,Yes
433,BANDAID PCS,பென்டெட் 1எண்,General Store,generic,2.0,,1.25,Piece,,Yes
25,BASMATHI PAZHUPU BAG[26],பாசுமதி பபுப்பு பை(26),General Store,generic,1870.0,2080.0,1850.0,Bag,26,Yes
18,BASMATHI PAZUPU KG,பாசுமதி பபுப்பு,General Store,generic,80.0,100.0,90.0,1 unit,,Yes
1260,BASUMATHI XXXL[MITHAS 30KG] BAG,பாசுமதி 3எக்எல்(மிதாஸ் 30கி)பை,General Store,rice,2800.0,,2790.0,30 kg,,Yes
1259,BASUMATHI XXXL[MITHAS] KG,பாசுமதி 3எக்எல்(மிதாஸ்),General Store,rice,95.0,120.0,100.0,1 unit,,Yes
121,BLACK,பிளாக்,General Store,generic,80.0,200.0,75.0,1 unit,,Yes
120,BLACK BUNDLE,பிளாக பண்டல்,General Store,cake,650.0,1800.0,640.0,Bundle,,Yes
1363,BLACK GRAPES 250G ISHAN,சால்ட கிரெப்ஸ் 25கிராம் ஈஷான்,General Store,generic,95.0,150.0,90.0,250 g,,Yes
1191,BLACK ROSE BOX,பிளாக் ரொஸ் பெட்ழ,General Store,generic,43.0,60.0,41.0,Box,,Yes
513,BOOMER BIG,பூமர் பெரியது,General Store,generic,210.0,250.0,150.0,1 unit,,Yes
568,BOURBAN 10RS,பொர்பான் 10₹,General Store,generic,9.5,10.0,9.0,1 unit,,Yes
567,BOURBAN 10RS [120],பொர்பான் 10₹ (120),General Store,generic,1050.0,1200.0,1035.0,1 unit,120,Yes
2071,BRINJU ELLAI,,General Store,generic,300.0,,250.0,1 unit,,Yes
2110,BRITANIA LAYERZS 5RS,,General Store,generic,215.0,265.0,210.0,1 unit,,Yes
632,BRIYANI 50G KATTU,பிரியாணி 50கி கட்டு,General Store,generic,530.0,920.0,520.0,50 g,,Yes
631,BRIYANI 50G SARAM,பிரியாணி 50கி சரம்,General Store,generic,280.0,460.0,265.0,50 g,,Yes
41,BUDS REDROSE,பட்ஸ் டிரட்ரொஸ்,General Store,generic,75.0,80.0,70.0,1 unit,,Yes
59,BUMBARAM BIG,பம்பரம் பெரியது,General Store,generic,150.0,240.0,145.0,1 unit,,Yes
58,BUMBARAM SMALL,பம்பரம் சிறியது,General Store,generic,130.0,180.0,120.0,1 unit,,Yes
176,BUN 2RS,பன் 2₹,General Store,cake,18.0,24.0,18.0,1 unit,,Yes
177,BUN 3RS,பன் 3₹,General Store,cake,24.0,30.0,24.0,1 unit,,Yes
1116,CADBURY SHOTS RS 2,கெட்பரி ஷாட்ஸ் ₹2,General Store,generic,110.0,116.0,107.0,1 unit,,Yes
319,CAMEL 10RS,கெமல் 10₹,General Store,generic,5.0,10.0,4.25,1 unit,,Yes
318,CAMEL 5RS,கெமல் 5₹,General Store,generic,210.0,500.0,205.0,1 unit,,Yes
1401,CASHEW,முந்திரி,General Store,nuts,800.0,,770.0,1 unit,,Yes
1313,CASHEW,முந்திரி,General Store,nuts,800.0,,750.0,1 unit,,Yes
159,CATRIDGE BLACK,கெட்ரிசூ; கருப்பு,General Store,generic,75.0,100.0,70.0,1 unit,,Yes
158,CATRIDGE BLUE,கெட்ரிசூ; புளு,General Store,generic,75.0,100.0,70.0,1 unit,,Yes
1195,CAVENDER BUNDLE[20],கெவன்டர் பண்டல் (20),General Store,cake,710.0,860.0,700.0,Bundle,20,Yes
1390,CAVENDER PC,கெவன்டர்,General Store,generic,37.0,43.0,43.0,Piece,,Yes
292,CENTER FRESH,சென்டர்பிரஷ்,General Store,generic,205.0,225.0,200.0,1 unit,,Yes
293,CENTER FRUIT,சென்டர் புருட்,General Store,generic,135.0,150.0,135.0,1 unit,,Yes
2121,CENTER FRUIT 350RS,,General Store,generic,330.0,350.0,320.0,1 unit,,Yes
2212,CHANDRIKA 10RS,சந்திரிகா 10₹,General Store,soap,9.0,10.0,9.0,1 unit,,Yes
1230,CHANDRIKA 35RS,சந்திரிகா 35₹,General Store,soap,33.0,35.0,32.0,1 unit,,Yes
194,CHERRY 5RS,செர்ரி 5₹,General Store,generic,42.0,60.0,40.0,1 unit,,Yes
2058,CHERRY RED,,General Store,generic,300.0,,300.0,1 unit,,Yes
1574,CHICK GREEN 1RS,சிக் கிரீன் 1₹,General Store,generic,14.0,960.0,13.0,1 unit,,Yes
1148,CHICK GREEN 1RS [96] CASE,சிக் கிரீன் 1₹(96) பெட்ழ,General Store,generic,1420.0,1920.0,1410.0,Case,96,Yes
1108,CHICK WHITE 1RS CASE[96],சிக் வெள்ளை 1₹ பெட்ழ(96),General Store,generic,1380.0,1920.0,700.0,Case,96,Yes
1221,CHICK WHITE 1RS SAR,சிக் வெள்ளை 1₹ சரம்,General Store,generic,14.0,20.0,13.0,Strip,,Yes
404,CHICKEN 10RS,சிக்கன் 10₹,General Store,generic,80.0,100.0,76.0,1 unit,,Yes
627,CHICKEN 50G,சக்கன் 50கி,General Store,generic,18.0,28.0,17.0,50 g,,Yes
629,CHICKEN 50G KATTU,சிக்கன் 50கி கட்டு,General Store,generic,350.0,560.0,340.0,50 g,,Yes
628,CHICKEN 50G SARAM,சிக்கன் 50கி சரம்,General Store,generic,180.0,500.0,175.0,50 g,,Yes
355,CHICKEN 5RS,சிக்கன் 5₹,General Store,generic,40.0,50.0,38.0,1 unit,,Yes
69,CHILLY SAUCE 1RS,சில்லி சாஸ் 1₹,General Store,pickle,70.0,100.0,70.0,1 unit,,Yes
238,CHINNA KAARASEV 1KG,சின்ன காராசெவ் 1கி,General Store,chips,115.0,150.0,110.0,1 kg,,Yes
1072,CHINNA KARASAEV KG,சின்ன காராசெவ் கி,General Store,generic,115.0,150.0,110.0,1 unit,,Yes
1179,CHITANAM PAAKU 250G,சிட்டானம் பாக்கு 250கிராம்,General Store,generic,170.0,200.0,170.0,250 g,,Yes
1180,CHITANAM PAAKU 500G,சிட்டானம் பாக்கு 500கிராம்,General Store,generic,360.0,400.0,350.0,500 g,,Yes
2256,CHOC,,General Store,generic,0.0,,,1 unit,,Yes
2123,CHOKI STIX 5RS,,General Store,generic,180.0,200.0,175.0,1 unit,,Yes
527,CHOKKIE 2RS,சொக்கி 2₹,General Store,generic,95.0,100.0,90.0,1 unit,,Yes
2246,CHOKKIE 5RS,,General Store,generic,180.0,200.0,170.0,1 unit,,Yes
2195,CHUPA CHUPS 5RS [48],,General Store,generic,220.0,300.0,210.0,1 unit,48,Yes
877,CL0SE UP 10RS CAS[24],குளொசப் 10₹ கெஸ்(24),General Store,generic,2400.0,2880.0,2390.0,1 unit,24,Yes
835,CLEAR 2RS CASE[60],கிளியர் 2₹ பெட்ழ(60),General Store,generic,1450.0,1920.0,1440.0,Case,60,Yes
836,CLEAR 2RS SARAM,கிளியர் 2₹ சரம்,General Store,generic,27.0,32.0,26.0,Strip,,Yes
837,CLEAR 3RS CASE,கிளியர் 3₹ பெட்ழ,General Store,generic,0.0,,,Case,,Yes
838,CLEAR 3RS SARAM,கிளயர் 3₹ சரம்,General Store,generic,32.0,36.0,30.0,Strip,,Yes
46,CLIP BRIGHT,கிளிப் பிரைட்,General Store,generic,150.0,240.0,150.0,1 unit,,Yes
2205,COCO LADDU 5RS,,General Store,generic,220.0,300.0,210.0,1 unit,,Yes
453,COL STRONG 10RS,கொல்.ஸ்ட்ராஹ் 10₹,General Store,generic,9.5,10.0,9.0,1 unit,,Yes
451,COL STRONG 10RS KATTU,கொல். ஸ்ட்ராஹ் 10₹ கட்டு,General Store,generic,120.0,,105.0,Bundle,,No
455,COL STRONG 20RS,கொல்.ஸ்ட்ராஹ் 20₹,General Store,generic,20.0,,18.0,1 unit,,Yes
454,COL STRONG 20RS KATTU,கொல்.ஸ்ட்ராஹ் 20₹ கட்டு,General Store,generic,220.0,240.0,215.0,Bundle,,Yes
459,COL STRONG 58RS KATTU,கொல்.ஸ்ட்ராஹ் 58₹ கட்டு,General Store,generic,650.0,696.0,640.0,Bundle,,Yes
458,COL STRONG 76RS,கொல்.ஸ்ட்ராஹ் 76₹,General Store,generic,72.0,76.0,68.0,1 unit,,Yes
990,COLOUR CHALK BAG[20],கலர் சாக் பை(20),General Store,generic,430.0,1000.0,420.0,Bag,20,Yes
989,COLOUR CHALK BOX,கலர் சாக் பெட்ழ,General Store,generic,30.0,60.0,25.0,Box,,Yes
1543,COMPLAN 5RS,,General Store,health,55.0,60.0,54.5,1 unit,,Yes
29,CONE MEHANDHI,கொன் மெயுந்தி,General Store,generic,95.0,150.0,90.0,1 unit,,Yes
1595,CONTAINER 450ML,,General Store,generic,200.0,300.0,190.0,450 ml,,No
1385,CUCKOO 74RS,குக்கு 74₹,General Store,generic,48.0,74.0,50.0,1 unit,,Yes
1489,CUP SAMABARANI KATTU,கப் சாம்பிராணி கட்டு,General Store,generic,100.0,240.0,95.0,Bundle,,Yes
1270,CYCLE 10RS KATTU[12],சைக்கிள் 10₹ கட்டு(12),General Store,generic,100.0,120.0,98.0,Bundle,12,Yes
1271,CYCLE 50RS KATTU[12],சைக்கிள் 50₹ கட்டு(12),General Store,generic,530.0,600.0,520.0,Bundle,12,Yes
1272,CYCLE 55RS PC,சைக்கிள் 55₹,General Store,generic,45.0,50.0,43.0,Piece,,Yes
1269,CYCLE 5RS KATTU[12],சைக்கிள் 5₹ கட்டு(12),General Store,generic,52.0,60.0,50.0,Bundle,12,Yes
1085,DARK 10RS CASE[20],டார்க் 10₹ பெட்ழ(20),General Store,generic,1720.0,2000.0,1710.0,Case,20,Yes
1086,DARK 10RS KATTU,டார்க் 10₹ கட்டு,General Store,generic,90.0,100.0,89.0,Bundle,,Yes
905,DARK 35RS,டார்க் 35₹,General Store,generic,31.0,35.0,30.0,1 unit,,Yes
1087,DARK 40RS CASE[90],டார்க் 40₹ பெடழ(90),General Store,generic,2800.0,3600.0,2780.0,Case,90,Yes
1088,DARK 40RS PC,டார்க் 40₹,General Store,generic,35.0,40.0,34.0,Piece,,Yes
2149,DEL MONTO SAUCE 10RS,,General Store,pickle,90.0,100.0,85.0,1 unit,,Yes
148,DOMS SKETCH SMALL,டொம்ஸ் ஸ்கெட்ச் சிறியது,General Store,pen,15.0,,12.0,1 unit,,Yes
839,DOVE 2RS CASE[60],டவ் 2₹ பெட்ழ(60),General Store,soap,1440.0,1920.0,1430.0,Case,60,Yes
840,DOVE 2RS SARAM,டவ் 2ரு சரம்,General Store,soap,27.0,32.0,26.0,Strip,,Yes
841,DOVE 4RS CASE[48],டவ் 4₹ பெட்ழ(48),General Store,soap,2300.0,3072.0,2300.0,Case,48,Yes
842,DOVE 4RS SARAM,டவ் 4₹ சரம்,General Store,soap,52.0,64.0,50.0,Strip,,Yes
189,DRYFRUITS 5RS,ழரை புருட்ஸ் 5₹,General Store,generic,42.0,60.0,40.0,1 unit,,Yes
1521,ELAKKA 10RS,ஏலக்காய் 10₹,General Store,generic,80.0,,75.0,1 unit,,Yes
204,ELAKKA 5RS,ஏலக்காய் 5₹,General Store,generic,42.0,60.0,42.0,1 unit,,Yes
1359,ELAKKA KG,ஏலக்காய் 1கி,General Store,generic,1800.0,3000.0,1750.0,1 unit,,Yes
504,ELIT CAK CHOC 120RS,எலிட் கெக் சாக்; 120₹,General Store,generic,110.0,120.0,105.0,1 unit,,Yes
2120,ELITE BROWNIE 20RS,,General Store,generic,18.0,20.0,18.0,1 unit,,Yes
2228,ELITE COOKIES 30RS,,General Store,generic,30.0,,27.0,1 unit,,Yes
1120,ELLADAI PRIYAM 5RS PKT,எள்ளடை பிரியம் 5₹ பாக்.,General Store,generic,41.0,50.0,40.0,Packet,,Yes
222,ELLU 5RS,எளளு 5₹,General Store,generic,42.0,60.0,42.0,1 unit,,Yes
1497,ELLU KARUPU,எள்ளு கருப்பு,General Store,generic,260.0,300.0,259.0,1 unit,,Yes
1470,ELLU VELLA,வெ.எள்ளு,General Store,generic,262.0,300.0,130.0,1 unit,,Yes
1478,ERUMBU MARUNDHU,எறும்பு மருந்து,General Store,generic,36.0,100.0,35.0,1 unit,,Yes
1465,EVEREST CHAT 100G,எவடிரஸ்ட் சாட் 100கிராம்,General Store,generic,70.0,73.0,65.0,100 g,,Yes
1466,EVEREST DRY MANGO 100G,எவடிரஸ்ட் ழரை மெஹ்கொ 100கிராம்,General Store,generic,90.0,,85.0,100 g,,Yes
2031,EXE STEEL 10RS,,General Store,generic,60.0,200.0,55.0,1 unit,,Yes
1447,EYE DROPS,ஐ ழராப்ஸ்,General Store,generic,35.0,90.0,32.0,1 unit,,Yes
2099,FANTA 35RS,,General Store,soda,32.0,40.0,31.0,1 unit,,Yes
264,FANTA 99RS,பென்டா 99₹,General Store,soda,90.0,99.0,89.0,1 unit,,Yes
263,FANTA 99RS[9],பென்டா 99₹(9),General Store,soda,816.0,891.0,800.0,1 unit,9,Yes
849,FAR&LOV 122RS,பெர்-லவ்லி 122₹,General Store,generic,115.0,122.0,114.0,1 unit,,Yes
848,FAR&LOV 122RS [12 PCS],பெர்-லவ்லி 122₹ (12),General Store,generic,1360.0,1464.0,1350.0,12 pc,,Yes
850,FAR&LOV 22RS,பெர்-லவ்லி 22₹,General Store,generic,21.0,22.0,21.0,1 unit,,Yes
846,FAR&LOV 62RS  [16],பெர்-லவ்லி 62₹ (16),General Store,generic,900.0,,896.0,1 unit,16,Yes
847,FAR&LOV 70RS,பெர்-லவ்லி 70₹,General Store,generic,68.0,70.0,66.0,1 unit,,Yes
2170,FEVICOL 10RS,பெவிகால் 10₹,General Store,generic,9.0,10.0,8.5,1 unit,,Yes
1483,FEVICOL 5RS SAR,பெவிகால் 5₹ சரம்,General Store,generic,41.0,50.0,40.0,Strip,,Yes
1144,FEVIKQICK 5RS SAR,பெவிகுயிக் 5₹ சரம்,General Store,generic,118.0,130.0,115.0,Strip,,Yes
1484,FEVIQUICK 5RS KATTU,பெவிகுயிக் 5₹ கடடு,General Store,generic,335.0,500.0,330.0,Bundle,,Yes
101,FILTER,பில்டர்,General Store,coffee,105.0,,105.0,1 unit,,Yes
102,FILTER BUNDLE,பில்டர் பண்டல்,General Store,coffee,5000.0,,4900.0,Bundle,,Yes
407,FISH FRY 10RS,மீண் பிரை 10₹,General Store,generic,75.0,100.0,76.0,1 unit,,Yes
357,FISH FRY 5RS,மீண் பிலை 5₹,General Store,generic,40.0,50.0,38.0,1 unit,,Yes
2270,FISH KULAMBU 10RS,,General Store,generic,80.0,100.0,76.0,1 unit,,Yes
339,FIZZ 10RS,பிஸ் 10₹,General Store,generic,9.0,10.0,8.8,1 unit,,Yes
340,FIZZ 10RS CASE,பிஸ் 10₹ கெஸ்,General Store,generic,360.0,480.0,350.0,Case,,Yes
111,FLAKE,பிளெக்,General Store,generic,62.0,,62.0,1 unit,,Yes
112,FLAKE BUNDLE,பிளெக் பண்டல்,General Store,cake,4050.0,,4000.0,Bundle,,Yes
601,FOUR LINE 144 PGS,நான்கு லைன் 144 பக்கம்,General Store,generic,15.0,20.0,14.0,1 unit,,Yes
1589,FRESH 3RS BLACK [K],பிரஷ் 3₹ (க) கட்டு,General Store,generic,95.0,300.0,92.0,1 unit,,Yes
1159,FRESH 3RS BLUE KATTU,பிரஷ் 3₹ புளு கட்டு,General Store,generic,95.0,120.0,92.0,Bundle,,Yes
136,GANESH 1PCS,கணெஷ்,General Store,generic,22.0,30.0,21.0,1 pc,,Yes
126,GANESH NO.1,கணெஷ் எண்.1,General Store,generic,425.0,500.0,445.0,1 unit,,Yes
128,GANESH NO.1 [1/2],கணெஷ் எண்.1(1ஃ2),General Store,generic,220.0,250.0,225.0,1 unit,,Yes
127,GANESH NO.2,கணெஷ் எண்.2,General Store,generic,260.0,400.0,200.0,1 unit,,Yes
129,GANESH NO.2 [1/2],கணெஷ் எண்.2(1ஃ2),General Store,generic,130.0,200.0,130.0,1 unit,,Yes
2276,GIFT BOX 10RS[12],,General Store,balloon,120.0,,90.0,Box,12,Yes
2277,GIFT BOX 5RS[24],,General Store,balloon,95.0,120.0,90.0,Box,24,Yes
49,GIFT COVER 100P,கிப்ட் கவர் 100எண்.,General Store,balloon,95.0,100.0,90.0,1 unit,,Yes
1024,GLUCOSE RS 38,குளுக்கொஸ் ₹38,General Store,generic,33.0,,32.0,1 unit,,Yes
908,GN MACHINE,,General Store,generic,86.0,95.0,85.0,1 unit,,Yes
122,GOLD STAG,கொல்ட் ஸ்டாக்,General Store,generic,16.0,50.0,15.0,1 unit,,Yes
123,GOLD STAG BUNDLE,கொல்டு ஸ்டாக் பண்டல்,General Store,cake,280.0,1000.0,270.0,Bundle,,Yes
913,GOLD WINER 1/2 BOX[20],கொல்டு வின்னர் 1ஃ2 பெட்ழ(20),General Store,generic,1340.0,1700.0,1290.0,Box,20,Yes
914,GOLD WINER 1/2 PC,கொல்டு வின்னர் 1ஃ2,General Store,generic,70.0,85.0,71.0,2 pc,,Yes
915,GOLD WINER 100ML KATTU,கொல்டு வின்னர் 100மிலி கட்டு,General Store,generic,152.0,250.0,170.0,100 ml,,Yes
912,GOLD WINER 1L PC,கொல்டு வின்னர் 1லி,General Store,generic,128.0,157.0,127.0,1 L,,Yes
911,GOLD WINER 1LBOX[10],கொல்டு வின்னர் 1லி பெட்ழ(10),General Store,generic,1320.0,1570.0,1310.0,1 unit,10,Yes
916,GOLD WINER 200ML KATTU,கொல்டு வின்னர் 200மிலி கட்டு,General Store,generic,185.0,225.0,180.0,200 ml,,Yes
1546,GONE MAD 5RS,,General Store,generic,210.0,240.0,208.0,1 unit,,Yes
1374,GOOD CASH 25RS,குட் கெஷ் 25₹,General Store,generic,23.0,25.0,22.5,1 unit,,No
402,GRAVY CUP,கிரெவி கப்,General Store,generic,65.0,100.0,60.0,Cup,,Yes
75,GREEN APPLE TIN IFF,கிரீன் ஆப்பிள் ழன் ஐஎப்;எப்,General Store,generic,65.0,67.0,60.0,1 unit,,Yes
2167,GUN SARAM 30RS,,General Store,generic,200.0,300.0,200.0,Strip,,Yes
2124,GUNDU MILLAKAI,,General Store,generic,200.0,1000.0,200.0,1 unit,,Yes
674,HALLS,,General Store,generic,95.0,118.0,95.0,1 unit,,Yes
675,HALLS CASE,,General Store,generic,2780.0,3776.0,2760.0,Case,,Yes
1228,HAPPIMA GREEN 12RS SAR,,General Store,generic,105.0,120.0,102.0,Strip,,Yes
2214,HAPPIMA RED 12RS,,General Store,generic,100.0,,100.0,1 unit,,Yes
1147,HEAD&SHOULD 2RS CASE[60],டியுட்-ஷொல்டர்ஸ் 2₹ பெட்ழ(60),General Store,generic,1680.0,1920.0,1650.0,Case,60,Yes
1231,HEAD&SHOULD 2RS SAR,டியுட்-ஷொல்டர்ஸ் 2₹ சரம்,General Store,generic,35.0,,32.0,Strip,,Yes
1346,HEAD&SHOULD 4RS CASE [40],டியுட்-ஷொல்டர் 4₹ பெட்ழ(40),General Store,generic,2540.0,3200.0,2535.0,Case,40,Yes
1303,HEAD&SHOULD 4RS SAR,டியுட்-ஷொல்டர் 4₹ சரம்,General Store,generic,66.0,80.0,65.0,Strip,,Yes
1297,HEALTH MIX THAMARAI KG,சத்துமாவு தாமரை 1கி,General Store,generic,90.0,120.0,85.0,1 unit,,Yes
1035,I.GATE DUBAR KG,ஈ.கெட் துபார் 1கி,General Store,generic,118.0,151.0,115.0,1 unit,,Yes
1034,I.GATE ROZZANA KG,ஈ.கெட் ரொசன்னா 1கி,General Store,generic,98.0,111.0,93.0,1 unit,,Yes
22,IDISAL,ஈழசால்,General Store,generic,38.0,40.0,35.0,1 unit,,Yes
1391,IDISAL TRACTOR 26KG BAG,ஈழசால் ழராக்டர் 26கி பை,General Store,generic,780.0,1000.0,770.0,26 kg,,Yes
15,IDISAL [26],ஈழசால பை(26),General Store,generic,850.0,1000.0,840.0,1 unit,26,Yes
1516,INDICA EASY 15RS SAR,"ஈன்ழகா ,சி 15₹ சரம்",General Store,generic,104.0,120.0,125.0,Strip,,Yes
1317,INDICA EASY 30RS SAR,"ஈன்ழகா ,சி 30₹ சரம்",General Store,generic,300.0,360.0,300.0,Strip,,Yes
1192,INDICA POW RS 168,ஈன்ழகா பவுடர் ₹168,General Store,generic,155.0,168.0,153.0,1 unit,,Yes
2070,JATHI PATRI,,General Store,generic,600.0,1000.0,600.0,1 unit,,Yes
2230,KAACHA AAM,,General Store,generic,55.0,100.0,52.0,1 unit,,Yes
237,KAARABOONDHI 1KG,காராபூந்தி 1கி,General Store,generic,115.0,150.0,140.0,1 kg,,Yes
2272,KAARASAEV KG,காராசெவ்,General Store,generic,160.0,300.0,155.0,1 unit,,Yes
228,KAARASEV RED 5RS,காராசெவ் சிவப்பு 5₹,General Store,chips,58.0,75.0,58.0,1 unit,,Yes
1266,KACHA MANGO 50P,கச்சா மெஹ்கொ 50பை,General Store,generic,46.0,50.0,45.0,1 unit,,Yes
2183,KADUGU,கடுகு,General Store,generic,100.0,200.0,95.0,1 unit,,Yes
2025,KADUGU 50G [20],,General Store,generic,115.0,200.0,110.0,50 g,20,Yes
1302,KADUGU KALAPU KG,கடுகு கலப்பு,General Store,generic,90.0,150.0,95.0,1 unit,,Yes
212,KADUGU ULLUNDHU 5RS,கடுகு உளுந்து 5₹,General Store,generic,42.0,60.0,42.0,1 unit,,Yes
1413,KALIMARK 10RS GREEN CASE,காளிமார்க் 10₹ பச்சை பெட்ழ,General Store,generic,200.0,300.0,195.0,Case,,Yes
1459,KALPASI KG,கல்பாசி 1கி,General Store,generic,490.0,1000.0,480.0,1 unit,,Yes
1199,KAMARKATTU N.S RS 2[100],கமர்கட்டு என்.எஸ் ₹2(100),General Store,generic,160.0,200.0,155.0,1 unit,100,Yes
2037,KARKANDU,,General Store,generic,65.0,150.0,62.0,1 unit,,Yes
1222,KARTHIKA SHIKAI 2RS KATTU,கார்திகா சீயக்காய் 2₹ கட்டு,General Store,generic,346.0,400.0,345.0,Bundle,,Yes
1224,KARTHIKA SHIKKAI 2RS SAR,கார்திகா சீயக்காய் 2₹ சரம்,General Store,generic,35.0,40.0,34.5,Strip,,Yes
1527,KARUPU ELLU SAR,,General Store,generic,145.0,300.0,140.0,Strip,,Yes
1460,KASA KASA KG,கசகசா 1கி,General Store,generic,1450.0,2000.0,1350.0,1 unit,,Yes
220,KASAKASA 5RS,கசகசா 5₹,General Store,generic,42.0,60.0,42.0,1 unit,,Yes
76,KASTHURI METHI 100G,கஸ்துஸரி மெத்தி 100கி,General Store,generic,30.0,50.0,30.0,100 g,,Yes
77,KASTHURI METHI 1KG,கஸ்துஸரி மெத்தி 1கி,General Store,generic,200.0,500.0,190.0,1 kg,,Yes
52,KATHRIKOL,கத்தரிக்கொல்,General Store,generic,210.0,240.0,200.0,1 unit,,Yes
2261,KAVIYA MURUKU 10RS(10),,General Store,generic,85.0,100.0,80.0,1 unit,10,No
2148,KAVIYA MURUKU 1RS,காவியா முறுக்கு 1₹ பாக்.,General Store,generic,20.0,,19.0,1 unit,,No
1119,KAVIYA MURUKU 5RS PKT,காவியா முறுக்கு 5₹ பாக்.,General Store,generic,42.0,50.0,41.0,Packet,,Yes
1234,KESARI BOX [6],கெசரி பெட்ழ(6),General Store,generic,104.0,300.0,103.0,Box,6,Yes
2040,KESARI KATTU [10],,General Store,generic,20.0,30.0,17.0,Bundle,10,Yes
1463,KINDER JOY RS 45 PC,,General Store,generic,42.0,45.0,41.0,45 pc,,Yes
107,KINGS,கிஹ்ஸ்,General Store,generic,180.0,,220.0,1 unit,,Yes
108,KINGS BUNDLE,கிஹ்ஸ் பண்டல்,General Store,cake,3100.0,3300.0,3110.0,Bundle,,Yes
898,KISSAN 25RS,கிசான் 25₹,General Store,generic,24.0,,23.5,1 unit,,Yes
899,KISSAN 2RS  CAS[11],கிசான் 2₹ கெஸ்(11),General Store,generic,1210.0,1320.0,1210.0,1 unit,11,Yes
900,KISSAN 2RS [60 PC],கிசான் 2₹ (60),General Store,generic,112.0,120.0,110.0,60 pc,,Yes
2085,KOLLU,,General Store,generic,100.0,200.0,100.0,1 unit,,Yes
191,KOLLU 5RS,கொள்ளு 5₹,General Store,generic,45.0,60.0,42.0,1 unit,,Yes
522,KOPIKO 115RS,கொபிகொ 1₹,General Store,generic,95.0,115.0,92.0,1 unit,,Yes
521,KOPIKO 50RS,கொபிகொ 50₹,General Store,generic,45.0,50.0,43.0,1 unit,,Yes
523,KOPIKO JAR 240RS,,General Store,generic,210.0,240.0,200.0,Jar,,Yes
524,KOPIKO JAR 650RS,,General Store,generic,600.0,650.0,590.0,Jar,,Yes
2055,KRAAMBU,,General Store,generic,1400.0,5000.0,1300.0,1 unit,,Yes
213,KRAAMBU 5RS,கிராம்பு 5₹,General Store,generic,42.0,60.0,42.0,1 unit,,Yes
1243,L.G KATTI PC,,General Store,generic,70.0,84.0,68.0,Piece,,Yes
1338,L.O.G KATTI RS 17 PC,,General Store,generic,8.5,17.0,8.25,17 pc,,Yes
1182,LAKSHMI COVER 0 KG,லட்சுமி கவர் 0கி,General Store,generic,188.0,300.0,185.0,0 kg,,Yes
1181,LAKSHMI COVER 00 KG,லட்சுமி கவர் 00கி,General Store,generic,190.0,300.0,165.0,00 kg,,Yes
1186,LAKSHMI COVER 10KG,லட்சுமி கவர் 10கி,General Store,generic,190.0,300.0,185.0,10 kg,,Yes
1183,LAKSHMI COVER 1KG,லட்சுமி கவர் 1கி,General Store,generic,190.0,300.0,185.0,1 kg,,No
1185,LAKSHMI COVER 3 KG,லட்சுமி கவர் 3கி,General Store,generic,188.0,300.0,185.0,3 kg,,Yes
1184,LAKSHMI COVER 5 KG,லட்சுமி கவர் 5கி,General Store,generic,190.0,300.0,185.0,5 kg,,Yes
316,LASER 10RS SARAM,லெசர் 10₹சரம்,General Store,generic,95.0,120.0,90.0,Strip,,Yes
1486,LASER BLADE,லெசர் பிளெடு,General Store,generic,6.0,10.0,6.0,1 unit,,Yes
317,LASER TIN,லெசர் ழன்,General Store,generic,560.0,600.0,550.0,1 unit,,Yes
2140,LAVIAN BROWNIE 10RS,,General Store,generic,205.0,240.0,200.0,1 unit,,Yes
368,LEMON 10RS,லெமன் 10₹,General Store,generic,70.0,100.0,76.0,1 unit,,Yes
350,LEMON 5RS,லெமன் 5₹,General Store,generic,40.0,50.0,38.0,1 unit,,Yes
1541,LEVIESTA 2RS[K],,General Store,generic,260.0,300.0,21.0,1 unit,,Yes
862,LIFEBOUY 10RS,லைவ்பாய் 10₹,General Store,generic,9.15,10.0,9.1,1 unit,,Yes
861,LIFEBOUY 10RS[216],லைவ்பாய் 10₹(216),General Store,generic,1940.0,2160.0,1930.0,1 unit,216,Yes
863,LIFEBOUY 36RS[126],லைவ்பாய் 36₹(126),General Store,generic,4000.0,4536.0,3980.0,1 unit,126,Yes
864,LIFEBOUY 40RS,லைவ்பாய் 40₹,General Store,generic,38.0,40.0,37.0,1 unit,,Yes
110,LIGHTS BUNDLE,லைட்ஸ் பண்டல்,General Store,cake,3100.0,3300.0,3090.0,Bundle,,Yes
109,LIGTHS,லைட்ஸ்,General Store,generic,200.0,,180.0,1 unit,,Yes
2100,LIMCA 40RS,,General Store,generic,38.0,40.0,37.0,1 unit,,Yes
2144,LION HONEY 10RS,,General Store,pickle,9.0,10.0,8.75,1 unit,,Yes
1591,LION HONEY 15RS,,General Store,pickle,13.0,15.0,12.75,1 unit,,Yes
2190,LION HONEY 38RS,,General Store,pickle,36.0,38.0,34.0,1 unit,,Yes
892,LIRIL 39RS,லிரில் 39₹,General Store,generic,37.0,39.0,36.0,1 unit,,Yes
2102,LITTLE HEARTS 10RS,,General Store,generic,127.0,140.0,135.0,1 unit,,No
2101,LITTLE HEARTS 5RS,,General Store,generic,65.0,70.0,68.0,1 unit,,Yes
1177,M SEAL 10RS PC,எம்.சீல் 10₹,General Store,generic,9.0,10.0,8.75,Piece,,Yes
1176,M SEAL 10RS SAR[20],எம்.சீல் 10₹ சரம்,General Store,generic,180.0,200.0,175.0,Strip,20,Yes
1172,MAA APPLE 5RS CASE[100],மா ஆப்பிள் 5₹ பெட்ழ(100),General Store,generic,410.0,500.0,400.0,Case,100,Yes
1173,MAA APPLE 5RS PC,மா ஆப்பிள் 5₹,General Store,generic,4.2,5.0,4.1,Piece,,Yes
1166,MAA MANGO 5RS CASE [100],மா மெஹ்கொ 5₹ பெட்ழ(100),General Store,generic,410.0,500.0,400.0,Case,100,Yes
1171,MAA MANGO 5RS PC,மா மெஹ்கொ 5₹,General Store,generic,4.2,5.0,4.1,Piece,,Yes
2033,MACRONI,,General Store,generic,49.0,200.0,48.0,1 unit,,Yes
697,MAGGIE 15RS,மெகி 15₹,General Store,noodles,14.0,,13.5,1 unit,,Yes
696,MAGGIE 15RS CASE[96],மெகி 15₹ பெட்ழ,General Store,noodles,1280.0,1440.0,1275.0,Case,96,Yes
694,MAGGIE 24RS CASE[48],மெகி 24₹ பெட்ழ(48),General Store,noodles,1080.0,1152.0,1060.0,Case,48,Yes
695,MAGGIE 30RS,மெகி 30₹,General Store,noodles,28.0,,28.0,1 unit,,Yes
699,MAGIEE 44RS CASE[24],மெகி 44₹ பெட்ழ(24),General Store,generic,1200.0,1344.0,1190.0,Case,24,Yes
698,MAGIEE 60RS,மெகி 60₹,General Store,generic,57.0,60.0,53.0,1 unit,,Yes
2247,MALKIST 10RS [20],,General Store,generic,100.0,,90.0,1 unit,20,Yes
1503,MALKIST 50RS,மால்கிஸ்ட் 50₹,General Store,generic,45.0,50.0,42.0,1 unit,,Yes
2077,MAMYPOKO [S],,General Store,generic,80.0,,80.0,1 unit,,Yes
219,MANATHAKKALAI 5RS,மணத்தக்காளி 5₹,General Store,generic,42.0,60.0,40.0,1 unit,,Yes
1092,MANGAL SAN 10RS CASE[20],மஹ்கள் சந்தனம் 10₹ பெட்ழ(20),General Store,generic,1620.0,2400.0,1590.0,Case,20,Yes
1093,MANGAL SAN 10RS KATTU,மஹ்கள் சந்தனம் 10₹ கட்டு,General Store,generic,90.0,120.0,85.0,Bundle,,Yes
1094,MANGALDEEP 35RS KATTU[6],மஹ்கள்தீப் 35₹ கட்டு(6),General Store,generic,165.0,210.0,162.0,Bundle,6,Yes
1095,MANGALDEEP 35RS PC,மஹ்கள்தீப் 35₹,General Store,generic,30.0,35.0,29.0,Piece,,Yes
1097,MANGALDEEP 50R PC,மஹ்கள்தீப் 50₹,General Store,generic,43.0,50.0,41.0,Piece,,Yes
1096,MANGALDEEP 50RS KATTU [6],மஹ்கள்தீப் 50₹ கட்டு(6),General Store,generic,260.0,300.0,250.0,Bundle,6,Yes
1361,MARATI MOKU KG,மராட்ழ மொக்கு 1கி,General Store,generic,350.0,1000.0,340.0,1 unit,,Yes
723,MARGO 180RS,மார்கொ 180₹,General Store,generic,170.0,,160.0,1 unit,,Yes
1300,MASK ONE USE [100],மாஸக் ஓன்யூஸ் (100),General Store,generic,100.0,500.0,90.0,1 unit,100,Yes
71,MAYONISE,மயொனிஸ்,General Store,generic,135.0,150.0,130.0,1 unit,,Yes
1001,MAZE COFEEE,மெஸ் காபி,General Store,generic,105.0,125.0,100.0,1 unit,,Yes
1100,MEDIUM CARRY KATTU[10],மீழயம் கெரி கட்டு(10),General Store,generic,160.0,300.0,160.0,Bundle,10,Yes
1101,MEDIUM CARRY PC,மீழயம் கெரி,General Store,generic,20.0,30.0,16.0,Piece,,Yes
1353,MEEN MAKER BIG KG,மீல் மெக்கர் பெரியது,General Store,generic,95.0,150.0,90.0,1 unit,,Yes
1577,MEEN MAKER SMALL,மீல் மெக்கர் சிறியது,General Store,generic,100.0,320.0,90.0,1 unit,,Yes
296,MENTOS JAR,,General Store,generic,180.0,200.0,178.0,Jar,,Yes
325,MENTOS POUCH,மெனடாஸ் பவுச்,General Store,generic,92.0,100.0,92.0,Pouch,,Yes
302,MERRON KATTU,மெர்ரொன் கட்டு,General Store,generic,230.0,300.0,225.0,Bundle,,Yes
304,MERRON SARAM,மெர்ரொன் சரம்,General Store,generic,100.0,160.0,120.0,Strip,,Yes
1308,MILLAGU KG [NO. 1],மிளகு 1கி(நெ.1),General Store,generic,610.0,1000.0,595.0,1 unit,,Yes
106,MINI BUNDLE,மினி பண்டல்,General Store,cake,3000.0,,2950.0,Bundle,,Yes
105,MINI FILTER,மினி பில்டர்,General Store,coffee,62.0,,65.0,1 unit,,Yes
135,MINIKUTTY 1PCS,மினிகுட்ழ 1எண்.,General Store,generic,10.0,,9.0,1 pc,,Yes
2279,MIRANDA 2LTR,,General Store,generic,90.0,100.0,85.0,2 L,,Yes
2107,MIX PAD CIGERATE,,General Store,generic,155.0,200.0,150.0,1 unit,,Yes
190,MIXING 5RS,மிக்சிஹ் 5₹,General Store,generic,45.0,60.0,42.0,1 unit,,Yes
2021,MOCHAI,,General Store,generic,140.0,200.0,135.0,1 unit,,Yes
1571,MOMS MAGIC 10RS,,General Store,generic,108.0,120.0,106.0,1 unit,,Yes
2162,MOND CIGERATTEE,,General Store,generic,140.0,180.0,130.0,1 unit,,Yes
714,MOONDHAAL 5RS,,General Store,generic,52.0,60.0,52.0,1 unit,,Yes
221,MOREMILAGA 5RS,மொர் மிளகாய் 5₹,General Store,generic,42.0,60.0,42.0,1 unit,,Yes
2118,MR GOLD 1/2,,General Store,generic,80.0,100.0,75.0,1 unit,,Yes
2119,MR GOLD 1LTR,,General Store,generic,150.0,200.0,148.0,1 L,,Yes
1304,MUGI 5RS KATTU[4],முகி 5₹ கட்டு(4),General Store,generic,165.0,200.0,160.0,Bundle,4,Yes
2105,MUGI 5RS SARAM,முகி 5₹ சரம்,General Store,generic,41.0,50.0,40.0,Strip,,Yes
2022,MULLU PACHAIPAYIR,,General Store,generic,125.0,200.0,120.0,1 unit,,Yes
201,MUNDHIRI 5RS,முந்திரி 5₹,General Store,generic,42.0,60.0,42.0,1 unit,,Yes
2016,MUNDHIRI THRATCHAI 10RS,முந்திரி திராட்சை 10₹,General Store,generic,75.0,100.0,75.0,1 unit,,Yes
203,MUNDHIRI THRATCHAI 5RS,முந்திரி திராட்சை 5₹,General Store,generic,42.0,60.0,42.0,1 unit,,Yes
2015,MUNDIRI 10RS,முந்திரி 10₹,General Store,generic,75.0,100.0,75.0,1 unit,,Yes
403,MUTTON 10RS,மட்டன் 10₹,General Store,generic,78.0,100.0,76.0,1 unit,,Yes
624,MUTTON 50G,மட்டன் 50கி,General Store,generic,22.0,33.0,21.0,50 g,,Yes
626,MUTTON 50G KATTU,மட்டன் 50கி கட்டு,General Store,generic,480.0,660.0,460.0,50 g,,Yes
625,MUTTON 50G SARAM,மட்டன் 50கி சரம்,General Store,generic,250.0,330.0,240.0,50 g,,Yes
354,MUTTON 5RS,மட்டன் 5₹,General Store,generic,40.0,50.0,38.0,1 unit,,Yes
439,MUYAL 100ML,முயல் 100மிலி,General Store,generic,25.0,50.0,24.0,100 ml,,Yes
438,MUYAL 100ML KATTU,முயல் 100மிலி கட்டு,General Store,generic,220.0,500.0,210.0,100 ml,,Yes
436,MUYAL 1PCS,முயல் 1எண்,General Store,generic,15.0,25.0,12.0,1 pc,,Yes
437,MUYAL 500ML,முயல் 500மிலி,General Store,generic,110.0,135.0,105.0,500 ml,,Yes
435,MUYAL 50ML KATTU,முயல் 50மிலி கட்டு,General Store,generic,220.0,500.0,210.0,50 ml,,Yes
434,MUYAL 50ML SARAM,முயல் 50மிலி சரம்,General Store,generic,110.0,250.0,110.0,50 ml,,Yes
1115,MYSORE.SAN RS 38 PC,மைசூர் சந்தனம் ₹38,General Store,soap,35.0,42.0,34.0,38 pc,,Yes
1114,MYSORE.SAN RS 82,மைசூர் சந்தனம் ₹82,General Store,soap,75.0,82.0,75.0,1 unit,,Yes
31,NAIL CUTTER BIG,நகவெட்ழ பெரியது,General Store,generic,190.0,200.0,185.0,1 unit,,Yes
30,NAIL CUTTER SMALL,நகவெட்ழ சிறியது,General Store,generic,120.0,130.0,110.0,1 unit,,Yes
1356,NANNARI SYRUP,நன்னாரி சிரப்,General Store,generic,80.0,125.0,75.0,1 unit,,Yes
151,NATRAJ GEOMETRY MINI,,General Store,generic,38.0,60.0,36.0,1 unit,,Yes
145,NATRAJ LONG SCALE,நட்ராசூ; பெரிய ஸ்கெல்,General Store,generic,80.0,120.0,78.0,1 unit,,Yes
144,NATRAJ SHORT SCALE,நட்ராசூ; சிறிய ஸ்கெல்,General Store,generic,39.0,50.0,38.0,1 unit,,Yes
1322,NATTU SAKARAI(NALAM) 1/2,நாட்டு சர்க்கரை(நலம்) 1ஃ2,General Store,generic,32.0,60.0,35.0,1 unit,,Yes
2133,NAVADHANIYAM 1KG,,General Store,generic,160.0,200.0,155.0,1 kg,,Yes
197,NENDHARAM 5RS,நெந்தரம் 5₹,General Store,generic,42.0,60.0,40.0,1 unit,,Yes
1594,NICE,,General Store,generic,0.0,,,1 unit,,Yes
1277,NIPPO LED 9W PC,"நிப்பொ எல்,ழ 9வாட்ஸ்",General Store,generic,85.0,160.0,80.0,Piece,,Yes
427,NIRAI INJI POONDU 5RS,நிரை ஈஞ்சி பூண்டு 5₹,General Store,generic,45.0,50.0,40.0,1 unit,,Yes
423,NIRAI LEMON 5RS,நிரை லெமன் 5₹,General Store,generic,45.0,50.0,40.0,1 unit,,Yes
424,NIRAI MANGO 5RS,நிரை மெஹ்கொ 5₹,General Store,generic,45.0,50.0,40.0,1 unit,,Yes
426,NIRAI MIXED 5RS,நிரை மிக்சட் 5₹,General Store,generic,45.0,50.0,40.0,1 unit,,Yes
425,NIRAI NARTHANGA 5RS,நிரை நார்த்தஹ்கா 5₹,General Store,generic,40.0,50.0,40.0,1 unit,,Yes
422,NIRAI ONION 5RS,நிரை வெஹ்காயம் 5₹,General Store,generic,45.0,50.0,40.0,1 unit,,Yes
421,NIRAI POONDU 5RS,நிரை பூண்டு 5₹,General Store,generic,40.0,50.0,40.0,1 unit,,Yes
1491,NIVARANA 90 KATTU,நிவாரனா 90 கட்டு,General Store,generic,480.0,750.0,475.0,Bundle,,Yes
1490,NIVARANA 90 SAR,நிவாரனா 90 சரம்,General Store,generic,105.0,150.0,100.0,Strip,,Yes
165,NIZAM 1RS BIG,,General Store,generic,200.0,250.0,205.0,1 unit,,No
164,NIZAM 1RS SMALL,,General Store,generic,82.0,100.0,80.0,1 unit,,Yes
167,NIZAM 2RS,,General Store,generic,175.0,200.0,175.0,1 unit,,Yes
166,NIZAM 2RS 1 SARAM,,General Store,generic,90.0,100.0,88.0,Strip,,Yes
169,NIZAM 50PS BIG,,General Store,generic,200.0,250.0,200.0,1 unit,,Yes
168,NIZAM 50PS SMALL,,General Store,generic,20.0,25.0,20.0,1 unit,,Yes
1285,NOODLES 1 TO 3 10RS SAR,நுஸடுல்ஸ் 1-3 10₹ சரம்,General Store,noodles,105.0,120.0,108.0,Strip,,Yes
1206,NOODLES RICHY KG,நுஸடுல்ஸ் ரிச்சி,General Store,noodles,65.0,100.0,70.0,1 unit,,Yes
1236,NOOL GREEN 5RS PKT,நுஸல் பச்சை 5₹ பாக்.,General Store,generic,35.0,60.0,33.0,Packet,,Yes
1570,NOOL WHITE 10RS,நுஸல் 10₹ வெள்ளை,General Store,generic,70.0,200.0,65.0,1 unit,,Yes
1023,ODONIL 192RS PC,ஓடொனில் 192₹,General Store,generic,165.0,192.0,160.0,Piece,,Yes
2061,ODONIL 220RS,,General Store,generic,210.0,220.0,205.0,1 unit,,Yes
2180,ODONIL 25RS [10],,General Store,generic,210.0,250.0,202.0,1 unit,10,Yes
1022,ODONIL RS 58 KATTU[24],ஓடொனில் ₹58 கட்டு(24),General Store,generic,1290.0,1392.0,1280.0,Bundle,24,Yes
309,ODUKALAM 99RS,ஓடுகளம் 99₹,General Store,generic,90.0,99.0,87.0,1 unit,,Yes
310,ODUKULAM 199,ஓடுகளம் 199,General Store,generic,179.0,199.0,174.0,1 unit,,Yes
65,OHMS SOYA,ஓம்ஸ் சொயா,General Store,generic,50.0,,45.0,1 unit,,Yes
67,OHMS TOMATO,ஓம்ஸ் தக்காளி,General Store,generic,70.0,90.0,70.0,1 unit,,Yes
1123,OK SPOT ON 5RS CASE[12],ஓகெ ஸ்பாட் ஆன் 5₹ பெட்ழ(12),General Store,generic,580.0,720.0,572.0,Case,12,Yes
1124,OK SPOT ON 5RS SAR,ஓகெ ஸ்பாட் ஆன் 5₹ சரம்,General Store,generic,50.0,60.0,49.5,Strip,,Yes
230,OLABAGADA 5RS,ஓலாபகடா 5₹,General Store,generic,58.0,75.0,58.0,1 unit,,Yes
1458,OMAM KG,ஓமம் 1கி,General Store,generic,260.0,1000.0,250.0,1 unit,,Yes
2129,OOTY UNIVERSAL 5RS,,General Store,generic,180.0,250.0,175.0,1 unit,,Yes
1134,OOTY VARIKAI JAR,,General Store,generic,230.0,300.0,225.0,Jar,,Yes
1428,ORAL B 30RS SAR,ஓரல் பி 30₹ சரம்,General Store,generic,125.0,240.0,115.0,Strip,,Yes
73,ORANGE RED TIN,ஆரஞ்சு சிவப்பு ழன்,General Store,generic,65.0,70.0,60.0,1 unit,,Yes
666,OREO 10RS,ஓரியொ 10₹,General Store,biscuit,9.5,10.0,9.0,1 unit,,Yes
668,OREO 10RS CASE,ஓரியொ 10₹ பெட்ழ,General Store,biscuit,1050.0,,1040.0,Case,,Yes
667,OREO 10RS KATTU,ஓரியொ 10₹ கட்;டு,General Store,biscuit,108.0,120.0,105.0,Bundle,,Yes
2047,OREO 5RS [32],,General Store,biscuit,150.0,160.0,142.0,1 unit,32,Yes
2241,OTTER CHOCALATE 1RS,,General Store,generic,90.0,100.0,85.0,1 unit,,Yes
1178,PAAKU,பாக்கு,General Store,generic,720.0,800.0,700.0,1 unit,,Yes
179,PAALBUN,பால் பன்,General Store,cake,15.0,20.0,15.0,1 unit,,Yes
1038,PACHANAMALA,பச்சனமாலா,General Store,generic,40.0,50.0,38.0,1 unit,,Yes
192,PACHAPAYIR 5RS,பச்சைபயிர் 5₹,General Store,generic,42.0,60.0,40.0,1 unit,,Yes
61,PAENSEEPU BIG,பென் சீப்பு பெரியது,General Store,generic,50.0,180.0,45.0,1 unit,,Yes
60,PAENSEEPU SMALL,பென் சீப்பு சிறியது,General Store,generic,32.0,120.0,35.0,1 unit,,Yes
188,PAERICHAI 5RS,பெரீச்சை 5₹,General Store,generic,42.0,60.0,40.0,1 unit,,Yes
1286,PAITHA PARUPU KG,பயத்தம் பருப்பு,General Store,generic,120.0,200.0,105.0,1 unit,,Yes
327,PANJU THIRI,பஞ்சு திரி,General Store,generic,85.0,100.0,82.0,1 unit,,Yes
2053,PANNER 1LTR,,General Store,generic,18.0,30.0,18.0,1 L,,Yes
1438,PANTENE 2RS SAR,பென்ழுன் 2₹ சரம்,General Store,generic,25.0,32.0,23.0,Strip,,Yes
1437,PANTENE4RS SAR,பென்ழுன் 4₹ சரம்,General Store,generic,52.0,64.0,51.0,Strip,,Yes
401,PAPER ROLL,பெப்பர் ரொல்,General Store,generic,120.0,200.0,100.0,1 unit,,No
1449,PAPER RULED SQ,பெப்பர் ₹ல்டு,General Store,generic,22.5,50.0,22.0,1 unit,,Yes
1450,PAPER UNRULED SQ,பெப்பர் அன்₹ல்டு,General Store,generic,23.0,50.0,22.0,1 unit,,Yes
2048,PARLE G 10RS,,General Store,biscuit,9.0,10.0,8.8,1 unit,,Yes
1152,PARLE G 3RS CASE [6],பார்லெ 3₹ பெட்ழ(6),General Store,biscuit,390.0,432.0,380.0,Case,6,Yes
1263,PARLEG 3RS KATTU,பார்லெ 3₹ கட்டு,General Store,biscuit,65.0,72.0,65.0,Bundle,,Yes
1386,PASU,பசு,General Store,generic,58.0,90.0,57.0,1 unit,,Yes
2248,PATANJALI KICK UP 1RS,,General Store,generic,120.0,150.0,115.0,1 unit,,Yes
907,PEARLS 1RS,ஏலக்காய் பாக்கு 1₹,General Store,generic,102.0,120.0,132.0,1 unit,,Yes
890,PEARS BLUE 50RS,பியர்ஸ் நீலம் 50₹,General Store,generic,48.0,50.0,46.5,1 unit,,Yes
889,PEARS GOLD 50RS,பியர்ஸ் கொல்டு 50₹,General Store,generic,48.0,50.0,47.0,1 unit,,Yes
891,PEARS GREEN 63RS,பியர்ஸ் பச்சை 63₹,General Store,generic,60.0,63.0,59.0,1 unit,,Yes
150,PELIKON,பெலிகான்,General Store,generic,20.0,25.0,15.0,1 unit,,Yes
2052,PERK 10RS,,General Store,chocolate,9.0,10.0,9.0,1 unit,,Yes
672,PERK 5RS,பெர்க் 5₹,General Store,chocolate,5.0,,4.6,1 unit,,Yes
673,PERK 5RS BOX,பெர்க் 5₹ பெட்ழ,General Store,chocolate,140.0,240.0,135.0,Box,,Yes
2093,PHENOYL 1LTR,பினாயில் பெரியது,General Store,generic,20.0,30.0,18.0,1 L,,Yes
245,PHENOYL BIG,பினாயில் பெரியது,General Store,generic,15.0,25.0,15.0,1 unit,,Yes
1397,PITAMBARI 5RS SAR,பீதாம்பரி 5₹ சரம்,General Store,generic,42.0,50.0,40.0,Strip,,Yes
2254,PITHAMBARI 10RS,பீதாம்பரி 10₹ சரம்,General Store,generic,80.0,100.0,70.0,1 unit,,Yes
693,POLO 2RS,பொலொ 2₹,General Store,generic,180.0,200.0,178.0,1 unit,,Yes
692,POLO 5RS,பொலொ 5₹,General Store,generic,130.0,150.0,125.0,1 unit,,No
1170,POONDU BIG KG,பூண்டு பெரியது,General Store,generic,160.0,200.0,180.0,1 unit,,Yes
2165,POP POP UP 10RS,,General Store,generic,260.0,500.0,250.0,1 unit,,Yes
2208,PORA VARUKI 2RS,,General Store,generic,18.0,24.0,18.0,1 unit,,Yes
2169,PORRII,பொறி,General Store,generic,90.0,100.0,85.0,1 unit,,Yes
153,POUCH,பவுச்,General Store,generic,60.0,90.0,55.0,Pouch,,Yes
342,POWER 5RS KATTU,பவர் 5₹ கட்டு,General Store,generic,85.0,90.0,80.0,Bundle,,Yes
343,POWER 5RS SARAM,பவர் 5₹ சரம்,General Store,generic,42.0,45.0,40.0,Strip,,Yes
346,POWER GREEN 10RS,பவர் கிரீன் 10₹,General Store,generic,105.0,120.0,101.0,1 unit,,Yes
344,POWER GREEN 10RS SARAM,பவர் கிரீன் 10₹ சரம்,General Store,generic,110.0,120.0,102.0,Strip,,Yes
329,POWER LAVANDER 45RS,பவர் லெவன்டர் 45₹,General Store,generic,43.0,45.0,42.0,1 unit,,Yes
328,POWER LIME 45RS,பவர் லைம் 45₹,General Store,generic,43.0,,42.0,1 unit,,Yes
1598,POWER MAHA JUMBO 10RS,,General Store,generic,9.0,10.0,9.0,1 unit,,Yes
331,POWER PAPAYA 50RS,பவர் பப்பாயா 50₹,General Store,generic,48.0,50.0,46.5,1 unit,,Yes
332,POWER ROSE 45RS,பவர் ரொஸ் 45₹,General Store,generic,43.0,45.0,42.0,1 unit,,Yes
299,PRASANNA CUP,பிரசன்னா கப்,General Store,generic,110.0,192.0,100.0,Cup,,Yes
341,PUDDING 5RS JAR,,General Store,generic,150.0,160.0,145.0,Jar,,Yes
1246,PUGAI .ILLAI 1/4,புகை ஈலை 1ஃ4,General Store,generic,60.0,100.0,58.0,1 unit,,Yes
1477,PUGAI. THUNDU,புகை. துண்டு,General Store,generic,25.0,50.0,24.0,1 unit,,Yes
1000,PULSE MANGO,பல்ஸ் மெஹ்கொ,General Store,generic,135.0,167.0,130.0,1 unit,,Yes
1004,PULSE MANGO SHOTS 5RS SAR,பல்ஸ் மெஹ்கொ ஷாட்ஸ் 5₹ சரம்,General Store,generic,41.0,50.0,40.0,Strip,,Yes
999,PULSE MIXED,பல்ஸ் மிக்சட்,General Store,generic,135.0,167.0,130.0,1 unit,,Yes
2176,PURE MAGIC 5RS [30],,General Store,generic,140.0,150.0,135.0,1 unit,30,Yes
20,PUZUNGAL,புபுஹ்கல்,General Store,generic,60.0,80.0,60.0,1 unit,,Yes
1032,PUZUNGAL BADMINI BAG[26],புபுஹ்கல் பத்மினி பை(26),General Store,generic,1450.0,2000.0,1430.0,Bag,26,Yes
1033,PUZUNGAL BADMINI KG,புபுஹ்கல் பத்மினி 1கி,General Store,generic,50.0,70.0,48.0,1 unit,,Yes
13,PUZUNGAL [26],புபுஹ்கல் பை(26),General Store,generic,1220.0,1800.0,1210.0,1 unit,26,Yes
311,R.S THAILAM,ஆர்.எஸ் தைலம்,General Store,generic,75.0,80.0,74.0,1 unit,,Yes
514,RAGI 500G,ராகி மாவு 500கிராம்,General Store,generic,35.0,40.0,34.0,500 g,,Yes
2262,RAMZ KURE KURE 5RS[14],,General Store,generic,60.0,70.0,58.0,1 unit,14,No
482,REVIVE 37RS,ரிவைவ் 37₹,General Store,generic,36.0,37.0,35.0,1 unit,,Yes
483,REVIVE 76RS,ரிவைவ் 76₹,General Store,generic,74.0,76.0,72.0,1 unit,,Yes
2011,RINGS 5RS BLACK,,General Store,generic,585.0,,50.0,1 unit,,Yes
2166,RINGS CAP ROLL,,General Store,generic,65.0,100.0,60.0,1 unit,,Yes
1584,ROLL ON 65RS,,General Store,generic,60.0,65.0,55.0,1 unit,,Yes
1582,ROSE POP 5RS,,General Store,generic,100.0,120.0,95.0,1 unit,,Yes
48,ROYAL KING,ராயல் கிஹ்,General Store,generic,520.0,720.0,510.0,1 unit,,Yes
602,RULED SHORT SIZE 144PGS,₹ல்டு சிறிய சைஸ் 144 பக்கம்,General Store,generic,15.0,20.0,14.0,1 unit,,Yes
1055,SABENA 20RS BAG[60],சபீனா 20₹ பை(60),General Store,generic,1050.0,,1045.0,Bag,60,Yes
1056,SABENA 20RS PC,சபீனா 20₹,General Store,generic,18.0,20.0,17.8,Piece,,Yes
1057,SABENA 5RS BAG [150],சபீனா 5₹ பை(150),General Store,generic,630.0,750.0,620.0,Bag,150,Yes
1058,SABENA 5RS KATTU [50],சபீனா 5₹ கட்டு(50),General Store,generic,220.0,250.0,215.0,Bundle,50,Yes
1059,SABENA 5RS PC,சபீனா 5₹,General Store,generic,4.6,5.0,4.5,Piece,,Yes
1357,SABJA SEEDS KG,,General Store,generic,360.0,380.0,355.0,1 unit,,Yes
324,SANDHANAM,சந்தனம்,General Store,generic,8.0,10.0,7.0,1 unit,,Yes
1368,SARAPAYIR KG,சாரபயிர் 1கி,General Store,generic,1400.0,2000.0,1350.0,1 unit,,Yes
1223,SARIDON TAB STRIP,சாரிடான் மாத்திரை அட்டை,General Store,generic,32.0,100.0,35.0,1 unit,,Yes
1207,SAUCE 15RS FOD RITE PC,சாஸ் 15₹ புட் ரைட்,General Store,pickle,13.0,15.0,12.5,Piece,,No
1409,SCALE LONG BOX,ஸ்கெல் லாஹ் பெட்ழ,General Store,generic,82.0,120.0,80.0,Box,,Yes
1410,SCALE SMALL BOX,ஸ்கெல் சிறியது; பெட்ழ,General Store,generic,42.0,50.0,40.0,Box,,Yes
103,SCISSORS,சிசர்ஸ்,General Store,generic,82.0,,82.0,1 unit,,Yes
104,SCISSORS BUNDLE,சிசர்ஸ் பண்டல்,General Store,cake,4050.0,,4000.0,Bundle,,Yes
2026,SEERAGAM 50G [20],,General Store,generic,380.0,500.0,360.0,50 g,20,Yes
206,SEERAGAM 5RS,சீரகம் 5₹,General Store,generic,42.0,60.0,42.0,1 unit,,Yes
1299,SEEVAL 10RS KATTU[10],சீவல் 10₹ கட்டு(10),General Store,generic,90.0,100.0,88.0,Bundle,10,Yes
896,SENSOD FRESH GEL 125RS,பெப்சொடன்ட் பிரஷ் டிசூல் 125₹,General Store,generic,118.0,125.0,115.0,1 unit,,Yes
894,SENSOD FRESH GEL 80RS,பெப்சொடன்ட் பிரஷ் டிசூல் 80₹,General Store,generic,75.0,80.0,74.0,1 unit,,Yes
895,SENSOD MINT 125RS,பெப்சொடன்ட் மின்ட் 125₹,General Store,generic,118.0,125.0,115.0,1 unit,,Yes
893,SENSOD MINT 80RS,பெப்சொடன்ட் மின்ட் 80₹,General Store,generic,75.0,80.0,74.0,1 unit,,Yes
1162,SF 100ML G. PRIYAM  BOX [10],எஸ்.எப் 100மிலி பிரியம் பாக்ஸ்(10),General Store,generic,1100.0,2000.0,1060.0,100 ml,10,Yes
1247,SF 100ML G.PRIYAM KATTU,,General Store,generic,135.0,,130.0,100 ml,,Yes
1109,SF 10RS SAR,எஸ்.எப் 10₹ சரம்,General Store,generic,80.0,200.0,80.0,Strip,,Yes
1606,SF 500ML S-GOLD [20],,General Store,generic,1480.0,3000.0,1460.0,500 ml,20,Yes
2257,SF AISHWAR 1LTR,எஸ்.எப் ஐஸ்வர் 1லீ,General Store,generic,170.0,200.0,166.0,1 L,,Yes
980,SF AISWAR 1/2 PC,எஸ்.எப் ஐஸ்வர் 1ஃ2,General Store,generic,86.0,90.0,84.0,2 pc,,Yes
973,SF MAMI 1/2 BOX[20],எஸ்.எப் 1ஃ2 பெட்ழ(20),General Store,generic,1180.0,1900.0,1340.0,Box,20,Yes
974,SF MAMI 1/2 PC,எஸ்.எப் மாமி 1ஃ2,General Store,generic,60.0,80.0,65.0,2 pc,,Yes
971,SF MAMI 1L BOX[10],எஸ்.எப் மாமி 1லி பெட்ழ(10),General Store,generic,1180.0,1800.0,1260.0,1 L,10,Yes
972,SF MAMI 1L PC,எஸ்.எப் மாமி,General Store,generic,120.0,180.0,130.0,1 L,,Yes
1608,SF S- GOLD 500ML,,General Store,generic,80.0,,75.0,500 ml,,Yes
1609,SF S-GOLD 1L,,General Store,generic,160.0,200.0,150.0,1 L,,No
1607,SF S-GOLD 1L [10],,General Store,generic,1480.0,3000.0,1460.0,1 L,10,Yes
63,SHARAL TOMATO,ஷரல் தக்காளி,General Store,generic,50.0,60.0,50.0,1 unit,,Yes
1452,SHORT SIZE RULED PC,சிறிய சைஸ் ₹ல்ட்,General Store,generic,16.5,30.0,16.0,Piece,,Yes
307,SIGAPPU 2RS,சிகப்பு 2₹,General Store,generic,55.0,60.0,50.0,1 unit,,Yes
301,SIGAPU KATTU,சிகப்பு கட்டு,General Store,generic,140.0,200.0,135.0,Bundle,,Yes
303,SIGAPU SARAM,சிகப்பு சரம்,General Store,generic,75.0,100.0,70.0,Strip,,Yes
2104,SINFY ALMOND 10RS [24],,General Store,nuts,200.0,240.0,198.0,1 unit,24,Yes
1098,SMALL CARRY KATTU[10],சின்ன கெரி கட்டு(10),General Store,generic,80.0,150.0,80.0,Bundle,10,No
1099,SMALL CARRY PC,சின்ன கெரி,General Store,generic,10.0,15.0,8.0,Piece,,Yes
47,SMILE BALL,ஸ்மைல் பால்,General Store,generic,150.0,180.0,150.0,1 unit,,Yes
208,SOAMBU 5RS,சொம்பு 5₹,General Store,generic,42.0,60.0,42.0,1 unit,,Yes
2116,SOAN PAPADI 5RS,,General Store,chips,210.0,250.0,208.0,1 unit,,Yes
1325,SOODAM 1RS BIG,சூடம் பெ 1₹,General Store,generic,95.0,120.0,90.0,1 unit,,Yes
1209,SOODAM 1RS SMAL,சூடம் 1₹ சிறியது,General Store,generic,16.0,25.0,15.0,1 unit,,Yes
1324,SOODAM 2RS,சூடம் 2₹,General Store,generic,35.0,50.0,34.0,1 unit,,Yes
1136,SOODAM 5RS,சுூடம் 5₹,General Store,generic,95.0,200.0,90.0,1 unit,,Yes
2126,SOUR CHOCALATE 1RS,,General Store,generic,105.0,166.0,100.0,1 unit,,Yes
2178,SOYA SAUCE 25RS,,General Store,pickle,21.0,25.0,20.0,1 unit,,Yes
62,SOYA YEN,சொயர் பீன்,General Store,generic,35.0,40.0,35.0,1 unit,,Yes
1575,SPECIAL CHOCALATE 5RS,,General Store,generic,190.0,275.0,210.0,1 unit,,Yes
42,SPONGE WHITE,ஸ்பாஞ் வெள்ளை,General Store,generic,120.0,180.0,140.0,1 unit,,Yes
44,STUMPER BALL,ஸ்டம்பர் பால்,General Store,generic,330.0,350.0,320.0,1 unit,,Yes
431,SULUKU BANDAID,சுளுக்கு பென்டெட்,General Store,generic,100.0,150.0,90.0,1 unit,,Yes
2019,SUNAMBU,சுன்ணாம்பு,General Store,generic,14.0,20.0,12.0,1 unit,,Yes
216,SUNDAKKAI 5RS,சுண்டைக்காய் 5₹,General Store,generic,42.0,60.0,40.0,1 unit,,Yes
1536,SURYA LED 9W,,General Store,generic,55.0,164.0,50.0,1 unit,,Yes
1442,SVS 1 L BOX [10],எஸ.வி.எஸ் 1லி பெட்ழ(10),General Store,generic,1325.0,1800.0,1315.0,1 L,10,Yes
1443,SVS 1L PC,எஸ.வி.எஸ் 1லி,General Store,generic,138.0,190.0,135.0,1 L,,Yes
1444,SVS 500ML BOX [20],எஸ.வி.எஸ் 500மிலி பெட்ழ(20),General Store,generic,1340.0,1800.0,1330.0,500 ml,20,Yes
1445,SVS 500ML PC,எஸ.வி.எஸ் 500மிலி,General Store,generic,68.0,120.0,66.0,500 ml,,Yes
1504,SWIFT CIGERATE,,General Store,generic,170.0,200.0,210.0,1 unit,,Yes
787,TAJMAHAL SARAM[20PCS],,General Store,generic,188.0,200.0,185.0,20 pc,,Yes
2098,TAKA TAKA KURE 5RS,,General Store,generic,50.0,60.0,50.0,1 unit,,Yes
2057,THAAMBULA COVER,,General Store,generic,100.0,,95.0,1 unit,,Yes
2074,THAINADU 5RS,,General Store,generic,45.0,60.0,40.0,1 unit,,Yes
986,THANGAM 1/2 PC,தஹ்கம் 1ஃ2,General Store,generic,160.0,190.0,158.0,2 pc,,Yes
985,THANGAM 1/2L BOX[20],தஹ்கம் 1ஃ2 பெட்ழ(20),General Store,generic,3030.0,3800.0,3020.0,2 L,20,Yes
983,THANGAM 100ML BOX[10],தஹ்கம் 100மிலி பெட்ழ(10),General Store,generic,3040.0,3800.0,3020.0,100 ml,10,Yes
984,THANGAM 100ML KATTU,தஹ்கம் 100மிலி கட்டு,General Store,generic,320.0,380.0,350.0,100 ml,,Yes
1501,THANGAM 10RS SAR,தஹ்கம் 10₹ சரம்,General Store,generic,130.0,150.0,125.0,Strip,,Yes
981,THANGAM 50ML BOX [10],தஹ்கம் 500மிலி பெட்ழ(10),General Store,generic,3040.0,3800.0,3030.0,50 ml,10,Yes
982,THANGAM 50ML KATTU,தஹ்கம் 50மிலி கட்டு,General Store,generic,320.0,380.0,350.0,50 ml,,Yes
1564,THEN NELLIKA 10RS,,General Store,generic,92.0,120.0,90.0,1 unit,,Yes
1310,THRACHAI YELLOW KG,திராட்சை,General Store,generic,600.0,,600.0,1 unit,,Yes
202,THRATCHAI 5RS,திராட்சை 5₹,General Store,generic,42.0,60.0,42.0,1 unit,,Yes
585,TIG KRUNCH 5RS [180],டைகர் க்ரன்ச் 5₹ (180),General Store,generic,750.0,900.0,740.0,1 unit,180,Yes
582,TIGER 3RS,டைகர் 3₹,General Store,generic,65.0,72.0,65.0,1 unit,,Yes
581,TIGER 3RS [216],டைகர் 3₹ (216),General Store,generic,610.0,648.0,600.0,1 unit,216,Yes
584,TIGER 5RS,டைகர் 5₹,General Store,generic,110.0,120.0,108.0,1 unit,,Yes
583,TIGER 5RS [144],டைகர் 5₹ (144),General Store,generic,650.0,720.0,645.0,1 unit,144,Yes
590,TIGER CRM ORANGE 5RS,டைகர் சிஆர்எம் ஆரஞ்சு 5₹,General Store,generic,54.0,60.0,52.0,1 unit,,Yes
587,TIGER CRM VAN 5RS,டைகர் சிஆர்எம் வென் 5₹,General Store,generic,54.0,60.0,52.0,1 unit,,Yes
586,TIGER KRUNCH 5RS,டைகர் க்ரன்ச் 5₹,General Store,generic,55.0,60.0,52.0,1 unit,,No
2207,TIME PASS 5RS,,General Store,generic,68.0,75.0,66.0,1 unit,,Yes
156,TIP 0.5,ழப் 0.5,General Store,generic,45.0,50.0,40.0,1 unit,,Yes
157,TIP 0.7,ழப் 0.7,General Store,generic,45.0,50.0,40.0,1 unit,,No
1446,TISSUE PAPER NO 1,ழஷ்யூ பெப்பர் நெ.1,General Store,generic,20.0,100.0,20.0,1 unit,,Yes
70,TOMATO SAUCE 1RS,தக்காளி சாஸ் 1₹,General Store,pickle,70.0,100.0,70.0,1 unit,,Yes
2086,TOP RAMEN 10RS,,General Store,generic,52.0,60.0,52.0,1 unit,,Yes
117,TOTAL,டொட்டல்,General Store,generic,55.0,60.0,60.0,1 unit,,Yes
118,TOTAL (30),டொட்டல்(30),General Store,generic,1620.0,1800.0,1615.0,1 unit,30,Yes
119,TOTAL (60),டொட்டல்(60),General Store,generic,3260.0,3600.0,3240.0,1 unit,60,Yes
958,TRC GOLD 1/2 PC,ழஆர்சி கொல்டு 1ஃ2,General Store,generic,57.0,80.0,53.0,2 pc,,Yes
957,TRC GOLD 1/2BOX[20],ழஆர்சி கொல்டு 1ஃ2 பெட்ழ(20),General Store,generic,1070.0,1600.0,1050.0,1 unit,20,Yes
955,TRC GOLD 1L BOX[10],ழஆர்சி கொல்டு 1லி பெட்ழ(10),General Store,generic,1050.0,1500.0,1040.0,1 L,10,Yes
956,TRC GOLD 1L PC,ழஆர்சி கொல்டு 1லி,General Store,generic,110.0,150.0,108.0,1 L,,Yes
1515,TREAT VANILA 10RS,,General Store,generic,9.2,10.0,9.1,1 unit,,Yes
2034,TUBE LIGHT 20W SURYA,,General Store,generic,140.0,450.0,135.0,1 unit,,Yes
367,TWINKLE PANJU,ழவிஹ்கிள் பஞ்சு,General Store,generic,70.0,100.0,65.0,1 unit,,Yes
1529,UNIBIC 5RS,,General Store,generic,56.0,60.0,55.0,1 unit,,Yes
1031,UNITY BASUMATHI BAG[30],யூனிட்ழ பாசுமதி பை(30),General Store,rice,3560.0,5400.0,3550.0,Bag,30,Yes
1030,UNITY BASUMATHI KG,யூனிட்ழ பாசுமதி 1கி,General Store,rice,125.0,180.0,120.0,1 unit,,Yes
2076,UPASANNA 10RS,,General Store,generic,90.0,120.0,85.0,1 unit,,Yes
2209,UPASANNA 50RS,,General Store,generic,45.0,50.0,40.0,1 unit,,Yes
2232,UPASANNA 5RS,,General Store,generic,48.0,60.0,45.0,1 unit,,Yes
173,VARUKI 2RS,வர்க்கி 2₹,General Store,generic,18.0,24.0,18.0,1 unit,,Yes
174,VARUKI 3RS,வர்க்கி 3₹,General Store,generic,24.0,30.0,24.0,1 unit,,Yes
175,VARUKI 5RS,வர்க்கி 5₹,General Store,generic,40.0,50.0,40.0,1 unit,,Yes
321,VASMOL 35RS,வாஸ்மால் 35₹,General Store,generic,33.0,35.0,31.0,1 unit,,Yes
320,VASMOL 65RS,வாஸ்மால் 65₹,General Store,generic,62.0,65.0,60.5,1 unit,,Yes
80,VEEBA MEXICAN 1KG,வீபா மெக்சிகன் 1கி,General Store,generic,200.0,250.0,190.0,1 kg,,Yes
1526,VELLA ELLU 50G SAR,,General Store,generic,145.0,,142.0,50 g,,Yes
2234,VELLA KAARMANI,,General Store,generic,150.0,,120.0,1 unit,,Yes
1369,VELLARI VEDHAI KG,வெள்ளரி விதை 1கி,General Store,generic,520.0,600.0,490.0,1 unit,,Yes
211,VENDHAYAM 5RS,வெந்தயம் 5₹,General Store,generic,42.0,60.0,42.0,1 unit,,No
1321,VENDHIYAM,வெந்தயம்,General Store,generic,85.0,200.0,80.0,1 unit,,Yes
2023,VENDHIYAM 50G [20],,General Store,generic,120.0,200.0,110.0,50 g,20,Yes
1210,VETHALAI KAVULI,வெத்தலை கவுளி,General Store,generic,50.0,100.0,110.0,1 unit,,Yes
306,VIBUTHI 12RS,விபூதி 12₹,General Store,generic,80.0,120.0,70.0,1 unit,,Yes
305,VIBUTHI 6RS,விபூதி 6₹,General Store,generic,40.0,60.0,35.0,1 unit,,Yes
326,VILAKKUTHIRI,விளக்கு திரி,General Store,generic,70.0,100.0,65.0,1 unit,,Yes
2182,VILLAKU THIRI 10RS [12],,General Store,generic,85.0,120.0,80.0,1 unit,12,Yes
247,VINEGAR,வினிகர்,General Store,generic,25.0,40.0,20.0,1 unit,,Yes
1164,VIP 51RS PC,,General Store,generic,40.0,51.0,37.0,Piece,,No
2145,WAGH BAKRI 1KG,,General Store,generic,360.0,520.0,350.0,1 kg,,Yes
2146,WAGH BAKRI 250G,,General Store,generic,130.0,140.0,125.0,250 g,,Yes
115,WAVE,வௌ;,General Store,generic,50.0,60.0,65.0,1 unit,,Yes
116,WAVE BUNDLE,வௌ; பண்டல்,General Store,cake,930.0,1200.0,930.0,Bundle,,Yes
1562,WHITE BEAUTY 55RS,,General Store,generic,52.0,55.0,50.0,1 unit,,Yes
1561,WHITE BEAUTY 88RS,,General Store,generic,85.0,88.0,82.0,1 unit,,Yes
988,WHITE CHALK BAG[20],வெள்ளை சாக் பை(20),General Store,generic,420.0,800.0,400.0,Bag,20,Yes
987,WHITE CHALK BOX,வெள்ளை சாக் பெட்ழ,General Store,generic,25.0,50.0,22.0,Box,,Yes
1232,WILKINSON BLADE BOX [5],வில்கின்சன் பிளெட் பெட்ழ(5),General Store,generic,95.0,140.0,100.0,Box,5,Yes
113,WILLS,வில்ஸ்,General Store,generic,88.0,95.0,87.0,1 unit,,Yes
114,WILLS BUNDLE,வில்ஸ் பண்டல்,General Store,cake,4350.0,4750.0,4325.0,Bundle,,Yes
82,WOOD BUDS,வுட் பட்ஸ்,General Store,generic,105.0,200.0,100.0,1 unit,,Yes
38,WOOD CLIP,வுட் கிளிப்,General Store,generic,25.0,30.0,20.0,1 unit,,Yes
1563,WOODWARDS 65RS,,General Store,generic,58.0,65.0,56.0,1 unit,,Yes
74,YELLOW TIN,மஞ்சள் ழன்,General Store,generic,65.0,70.0,60.0,1 unit,,Yes
1082,YIPEE 28RS,ஈப்பி 28₹,General Store,generic,26.0,28.0,25.0,1 unit,,Yes
1084,YIPEE 82RS PC,ஈப்பி 82₹,General Store,generic,76.0,82.0,75.0,Piece,,Yes
1080,YIPEE RS 15 CASE[96],ஈப்பி ₹15 பெட்ழ(96),General Store,generic,1265.0,1440.0,1260.0,Case,96,Yes
1081,YIPEE RS15PC,ஈப்பி ₹15,General Store,generic,13.0,14.0,13.5,15 pc,,Yes
1083,YIPPE RS 60PC,ஈப்பி ₹60,General Store,generic,55.0,60.0,55.0,60 pc,,Yes
1208,ZED BLACK 10RS KATTU,டிசூட் பிளாக் 10₹ கட்டு,General Store,generic,100.0,120.0,95.0,Bundle,,Yes
2005,ZED BLACK 60RS,டிசூட் பிளாக் 60₹,General Store,generic,40.0,60.0,39.0,1 unit,,Yes
2117,ZED BLACK CUP 5RS,,General Store,generic,75.0,120.0,70.0,Cup,,No
248,ACID,ஆசிட்,Home Care,cleaner,25.0,40.0,20.0,1 unit,,Yes
1380,ALL OUT LIQ,ஆல் அவுட் லிக்.,Home Care,generic,71.0,77.0,75.0,1 unit,,Yes
1430,ARIEL LIQ FRONT 1L,ஏரியல் லிக். பிரண்ட் 1லி,Home Care,detergent,240.0,265.0,235.0,1 L,,Yes
1427,ARIEL LIQ FRONT SAR [12],ஏரியல் லிக். பிரண்ட்; சரம்(12),Home Care,detergent,110.0,120.0,108.0,Strip,12,Yes
1429,ARIEL LIQ TOP 1L,ஏரியல் லிக். டாப் 1லி,Home Care,detergent,215.0,235.0,210.0,1 L,,Yes
1354,ARIEL LIQ TOP SAR[12],ஏரியல் லிக். டாப் சரம்(12),Home Care,detergent,110.0,120.0,108.0,Strip,12,Yes
1376,ARIEL POW 10RS BAG[5],ஏரியல் பவுடர் 10₹ பை (5),Home Care,detergent,500.0,600.0,485.0,Bag,5,Yes
1417,ARIEL POW 3RS BAG[42],ஏரியல் பவுடர் 3₹ பை(42),Home Care,detergent,1185.0,1512.0,1180.0,Bag,42,Yes
1416,ARIEL POW 3RS SAR,ஏரியல் பவுடர் 3₹ சரம்,Home Care,detergent,31.0,36.0,30.0,Strip,,Yes
1400,ARIEL POWDER 10RS SAR,ஏரியல் பவுடர் 10₹ சரம்,Home Care,cream,105.0,120.0,103.0,Strip,,Yes
2255,BINDHU BALAJI VATHI,,Home Care,agarbatti,45.0,60.0,43.0,1 unit,,Yes
715,BROOM 5G YELLOW,ப்₹ம் 5கிராம் மஞ்சள்,Home Care,generic,100.0,150.0,90.0,5 g,,Yes
716,BROOM WHITE SMART,ப்₹ம் வெள்ளை ஸ்மார்ட்,Home Care,generic,70.0,100.0,60.0,1 unit,,Yes
1578,CANDLE 10RS,,Home Care,match,42.0,50.0,40.0,1 unit,,Yes
1389,CANDLE 2RS ABIRAMI,மெபுகுவர்த்தி 2₹ அபிராமி;,Home Care,match,16.0,30.0,18.0,1 unit,,Yes
1559,CANDLE 5RS,,Home Care,match,22.0,25.0,20.0,1 unit,,Yes
1579,CANDLE 80RS,,Home Care,match,50.0,80.0,45.0,1 unit,,Yes
2106,CHUTTI LIQUID 5RS,,Home Care,generic,39.0,50.0,38.0,1 unit,,Yes
750,COMFORT 4RS,கம்பொர்ட் 4₹,Home Care,generic,35.0,40.0,34.0,1 unit,,Yes
751,COMFORT 4RS CASE(72),கம்பொர்ட் 4₹ பெட்ழ(72),Home Care,generic,2380.0,2880.0,2380.0,Case,72,Yes
749,COMFORT BOTTLE 120RS,கம்பொர்ட் பாட்டல் 120₹,Home Care,generic,115.0,120.0,114.0,Bottle,,Yes
1588,COMFORT BOTTLE 235RS,,Home Care,generic,205.0,235.0,200.0,Bottle,,Yes
747,COMFORT BOTTLE 58RS,கம்பொர்ட் பாட்டல் 58₹,Home Care,generic,54.0,58.0,53.0,Bottle,,Yes
748,COMFORT BOTTLE 58RS CASE(40),கம்பொர்ட் பாட்டல் 58₹ பெட்ழ(40),Home Care,generic,2080.0,2320.0,2070.0,Case,40,Yes
429,COMFORT VATHI,கம்பொர்ட் வத்தி,Home Care,agarbatti,100.0,192.0,105.0,1 unit,,Yes
2153,COMFORT VATHI GREEN,,Home Care,agarbatti,95.0,165.0,90.0,1 unit,,Yes
963,DEEPAM 1/2 BOX[20],தீபம் 1ஃ2 பெட்ழ(20),Home Care,agarbatti,1340.0,,1320.0,Box,20,Yes
2001,DEEPAM 1/2 MURUGAN,,Home Care,agarbatti,65.0,120.0,63.0,1 unit,,Yes
964,DEEPAM 1/2 PC,தீபம் 1ஃ2,Home Care,agarbatti,67.0,100.0,65.0,2 pc,,Yes
2197,DEEPAM NAKSHATRA 1/2,,Home Care,agarbatti,90.0,200.0,88.0,1 unit,,Yes
967,DEEPAM SREE 100ML BOX[10],தீபம் கூ100மிலி பெட்ழ,Home Care,agarbatti,930.0,2000.0,920.0,100 ml,10,Yes
968,DEEPAM SREE 100ML KATTU,தீபம் கூ100மிலி கட்டு,Home Care,agarbatti,130.0,200.0,120.0,100 ml,,Yes
966,DEEPAM SREE 50ML BOX[10],தீபம் கூ50மிலி பெட்ழ(10),Home Care,agarbatti,950.0,2000.0,930.0,50 ml,10,Yes
965,DEEPAM SREE 50ML KATTU,தீபம் கூ50மிலி கட்டு,Home Care,agarbatti,130.0,200.0,120.0,50 ml,,Yes
2233,EC WASH LIQUID 99RS,,Home Care,generic,100.0,,95.0,1 unit,,Yes
720,EXO 10RS,,Home Care,dishwash,10.0,,8.75,1 unit,,Yes
1066,EXO 10RS BOX[144],எக்சொ 10₹ பெட்ழ(144),Home Care,dishwash,1260.0,1440.0,1250.0,Box,144,Yes
719,EXO 5RS,,Home Care,dishwash,5.0,,4.5,1 unit,,Yes
1065,EXO 5RS BOX[216],எக்சொ 5₹ பெட்ழ(216),Home Care,dishwash,930.0,1080.0,925.0,Box,216,Yes
1067,EXO STEEL RS 15 SAR[12],எக்சொ ஸ்ழுல்15₹ சரம்(12),Home Care,dishwash,82.0,180.0,80.0,Strip,12,Yes
1068,EXO STEEL RS15 CASE[30],எக்சொ ஸ்ழுல்15₹ பெட்;ழ(30),Home Care,dishwash,2380.0,5400.0,2370.0,Case,30,Yes
1519,FAB LIQ 1L,,Home Care,generic,90.0,,86.0,1 L,,Yes
1513,FAB LIQUID 10RS SAR,,Home Care,generic,55.0,60.0,54.0,Strip,,Yes
2185,FAB LIQUID 10RS [96],,Home Care,generic,820.0,960.0,800.0,1 unit,96,Yes
2174,GIFFY LIQUID 15RS,,Home Care,generic,13.0,15.0,12.0,1 unit,,Yes
1599,GOOD KNIGHT AGARBATHI,,Home Care,agarbatti,140.0,,135.0,1 unit,,Yes
930,GOOD KNIGHT BLACK CASE[60],குட்நைட் கருப்பு பெட்ழ(60),Home Care,mosquito,1820.0,2280.0,1800.0,Case,60,Yes
931,GOOD KNIGHT BLACK PC,குட்நைட் கருப்பு,Home Care,mosquito,32.0,38.0,31.0,Piece,,Yes
928,GOOD KNIGHT GREEN CASE[60],குட்நைட் பச்சை பெட்ழ(60),Home Care,mosquito,1820.0,2280.0,1800.0,Case,60,Yes
929,GOOD KNIGHT GREEN PC,குட்நைட் பச்சை,Home Care,mosquito,37.0,38.0,37.0,Piece,,Yes
934,GOOD KNIGHT LIQ ADV,குட்நைட் லிக்விட் அட்வான்ஸ்,Home Care,mosquito,68.0,75.0,77.0,1 unit,,Yes
932,GOOD KNIGHT LIQ GOLD KATTU[30],குட்நைட் லிக்விட் கொல்டு கட்டு(30),Home Care,mosquito,1970.0,2310.0,1950.0,Bundle,30,Yes
933,GOOD KNIGHT LIQ GOLD PC,குட்நைட் லிக்விட் கொல்டு,Home Care,mosquito,68.0,85.0,77.0,Piece,,Yes
935,GOOD KNIGHT LIQ KATTU[30],குட்நைட் லிக்விட் கட்டு(30),Home Care,mosquito,1985.0,2250.0,1980.0,Bundle,30,Yes
936,GOOD KNIGHT MACHINE,குட்நைட் மெசின்,Home Care,mosquito,88.0,95.0,95.0,1 unit,,Yes
926,GOOD KNIGHT RED CASE[36],குட்நைட் சிவப்பு கெஸ்(36),Home Care,mosquito,1120.0,1404.0,1100.0,Case,36,Yes
927,GOOD KNIGHT RED PC,குட்நைட் சிவப்பு,Home Care,mosquito,39.0,45.0,38.0,Piece,,Yes
485,HARPIC 46RS,,Home Care,cleaner,43.0,46.0,42.0,1 unit,,Yes
1538,HARPIC BIG 500ML,,Home Care,cleaner,110.0,,102.0,500 ml,,Yes
1378,HARPIC RED SMALL PC,,Home Care,cleaner,60.0,61.0,59.0,Piece,,Yes
2020,HAUTIN WAX 2RS,,Home Care,match,130.0,200.0,127.0,1 unit,,Yes
1370,HAUTIN WAX BUNDLE,,Home Care,cake,480.0,1200.0,475.0,Bundle,,Yes
951,HIT BLACK RS115,,Home Care,mosquito,110.0,115.0,108.0,1 unit,,No
952,HIT BLACK RS85,,Home Care,mosquito,85.0,,82.0,1 unit,,Yes
946,HIT CHALK 16RS [12],,Home Care,mosquito,125.0,192.0,120.0,1 unit,12,Yes
953,HIT RED RS 115,,Home Care,mosquito,110.0,115.0,107.0,1 unit,,Yes
1273,LIA VATHI 50RS PC,லியா வத்தி 50₹,Home Care,agarbatti,43.5,50.0,42.5,Piece,,Yes
484,LIZOL 49RS,ரைசால் 49₹,Home Care,cleaner,46.0,49.0,45.5,1 unit,,Yes
2137,LIZOL 500ML,,Home Care,cleaner,115.0,123.0,113.0,500 ml,,Yes
499,LIZOL GREEN 40RS,ரைசால் பச்சை 40₹,Home Care,cleaner,38.0,40.0,37.0,1 unit,,Yes
500,LIZOL ROSE 40RS,லைசால் ரொஸ் 40₹,Home Care,cleaner,38.0,40.0,37.0,1 unit,,Yes
502,LIZOL WHITE 40RS,லைசால் வெள்ளை; 40₹,Home Care,cleaner,40.0,,37.0,1 unit,,Yes
501,LIZOL YELLOW 40RS,லைசால் மஞ்சள் 40₹,Home Care,cleaner,38.0,40.0,37.0,1 unit,,Yes
1069,MAYA VATHI 2RS CASE[100],மாயா வத்தி 2₹ பெட்ழ(100),Home Care,agarbatti,1770.0,2000.0,1760.0,Case,100,Yes
1070,MAYA VATHI 2RS SAR,மாயா வத்தி 2₹ சரம்,Home Care,agarbatti,18.0,24.0,18.0,Strip,,Yes
1415,MUGI LIQ RS 209,முகி லிக்விட் ₹209,Home Care,generic,170.0,209.0,165.0,1 unit,,No
2243,MUGI LIQUID 10RS,,Home Care,generic,90.0,100.0,85.0,1 unit,,Yes
2054,NEELAM 10RS,,Home Care,detergent,50.0,,50.0,1 unit,,Yes
2065,ODOMOS 17RS,,Home Care,mosquito,210.0,221.0,205.0,1 unit,,Yes
463,PARA 10RS,பாரா 10₹,Home Care,generic,9.5,10.0,9.0,1 unit,,Yes
462,PARA 10RS KATTU,பாரா 10₹ கட்டு,Home Care,generic,220.0,240.0,216.0,Bundle,,Yes
466,PARA 20RS,பாரா 20₹,Home Care,generic,19.0,20.0,18.0,1 unit,,Yes
467,PARA 20RS KATTU,பாரா 20₹ கட்டு,Home Care,generic,420.0,480.0,408.0,Bundle,,Yes
464,PARA 34RS KATTU,பாரா 34₹ கட்டு,Home Care,generic,475.0,544.0,470.0,Bundle,,Yes
465,PARA 63RS,பாரா 63₹,Home Care,generic,59.0,63.0,58.0,1 unit,,Yes
475,PARA AYUR 35RS,பாரா ஆயுர் 35₹,Home Care,generic,34.0,35.0,33.0,1 unit,,Yes
476,PARA AYUR 64,பாரா ஆயுர் 64,Home Care,generic,62.0,,60.0,1 unit,,Yes
474,PARA BOTTLE 111RS,பாரா பாட்டல் 111₹,Home Care,generic,103.0,111.0,102.0,Bottle,,Yes
473,PARA BOTTLE 157 RS,பாரா பாட்டல் 157₹,Home Care,generic,148.0,157.0,145.0,Bottle,,Yes
479,PARA JASMINE 10RS KATTU,,Home Care,generic,220.0,240.0,210.0,Bundle,,Yes
480,PARA JASMINE 10RS SARAM,,Home Care,generic,108.0,120.0,105.0,Strip,,Yes
477,PARA JASMINE 20RS,,Home Care,generic,19.0,20.0,18.0,1 unit,,Yes
478,PARA JASMINE 45RS,,Home Care,generic,42.0,45.0,41.0,1 unit,,Yes
481,PARA JASMINE 80RS,,Home Care,generic,76.0,80.0,74.0,1 unit,,Yes
469,PARA POUCH 100ML KATTU,பாரா பவுச் 100 மி கட்டு,Home Care,generic,300.0,,300.0,100 ml,,Yes
468,PARA POUCH 10RS KATTU,பாரா பவுச் 10₹ கட்டு,Home Care,generic,105.0,120.0,100.0,Bundle,,Yes
470,PARA POUCH 32RS,பாரா பவுச் 32₹,Home Care,generic,28.0,32.0,27.0,Pouch,,Yes
472,PARA POUCH 35RS KATTU,பாரா பவுச் 35₹ கட்டு,Home Care,generic,340.0,420.0,320.0,Bundle,,Yes
471,PARA POUCH 56RS,பாரா பவுச் 56₹,Home Care,generic,53.0,56.0,52.0,Pouch,,Yes
897,REXONA 38RS,,Home Care,soap,36.0,38.0,36.0,1 unit,,Yes
753,RIN ALA 44RS CASE(40),ரின் ஆலா 44₹ பெட்ழ(40),Home Care,detergent,1640.0,1760.0,1630.0,Case,40,Yes
752,RIN ALA 45RS,ரின் ஆலா 45₹,Home Care,detergent,44.0,45.0,43.0,1 unit,,Yes
754,RIN ALA 89RS,ரின் ஆலா 89₹,Home Care,detergent,85.0,89.0,84.0,1 unit,,Yes
805,RIN LIQUID 500ML,ரின் லிக்விட் 500மிலி,Home Care,detergent,83.0,90.0,82.0,500 ml,,Yes
804,RIN LIQUID 99RS,ரின் லிக்விட் 99₹,Home Care,detergent,90.0,160.0,88.0,1 unit,,Yes
797,RIN POWDER 10RS BAG[60],ரின் பவுடர் 10₹ பை(60),Home Care,cream,500.0,600.0,500.0,Bag,60,Yes
798,RIN POWDER 10RS SARAM,ரின் பவுடர் 10₹ சரம்,Home Care,cream,54.0,60.0,54.0,Strip,,Yes
803,RIN POWDER 1KG,ரின் பவுடர் 1கி,Home Care,cream,110.0,116.0,108.0,1 kg,,Yes
1239,RIN POWDER 2RS BAG[7],ரின் பவுடர் 2₹ பை(7),Home Care,cream,1320.0,1512.0,1310.0,Bag,7,Yes
1500,RIN POWDER 2RS KATTU,ரின் பவுடர் 2₹ கட்டு,Home Care,cream,21.0,,21.0,Bundle,,Yes
802,RIN POWDER 500G,ரின் பவுடர் 500கி,Home Care,cream,54.0,58.0,57.56,500 g,,Yes
801,RIN POWDER 500G BAG[50],ரின் பவுடர் 500கி பை(50),Home Care,cream,2600.0,2900.0,2580.0,500 g,50,Yes
799,RIN POWDER 5RS BAG[120],ரின் பவுடர் 5₹ பை(120),Home Care,cream,545.0,600.0,545.0,Bag,120,Yes
800,RIN POWDER 5RS[6PCS],ரின் பவுடர் 5₹(6),Home Care,cream,28.0,30.0,23.0,6 pc,,Yes
794,RIN SOAP 10RS,ரின் சொப்பு 10₹,Home Care,soap,9.15,10.0,9.1,1 unit,,Yes
793,RIN SOAP 10RS CASE[72],ரின் சொப்பு 10₹ பெட்ழ(84),Home Care,soap,640.0,720.0,750.0,Case,72,Yes
796,RIN SOAP 20RS,ரின் சொப்பு 20₹,Home Care,soap,20.0,,18.35,1 unit,,Yes
795,RIN SOAP 27RS CASE[60],ரின் சொப்பு 27₹ பெட்ழ(60),Home Care,soap,1460.0,1620.0,1450.0,Case,60,Yes
40,ROPE SUPERMAX,ரொப் சுூப்பர்மெக்ஸ்,Home Care,rope,200.0,240.0,180.0,1 unit,,Yes
1505,SAMBRANI 5RS ATAI,,Home Care,agarbatti,75.0,120.0,72.0,1 unit,,Yes
2030,SCRUBBER SHINE 10RS,,Home Care,generic,60.0,100.0,55.0,1 unit,,Yes
1414,SILVER MAX BOX [5],சில்வர் மெக்ஸ் பெட்ழ(5),Home Care,generic,85.0,125.0,80.0,Box,5,Yes
829,SURF EASY 1KG,"சர்ப் ,சி 1கி",Home Care,detergent,150.0,158.0,149.0,1 kg,,Yes
828,SURF EASY 500G,"சர்ப் ,சி 500கி",Home Care,detergent,85.0,89.0,83.0,500 g,,Yes
827,SURF EASY 500G BAG[20],"சர்ப் ,சி 500கி பை(20)",Home Care,detergent,1440.0,1580.0,1430.0,500 g,20,Yes
811,SURF LIQ  FRONT 10RS CASE[120],சர்ப் லிக். பிரண்ட் 10₹ பெட்ழ(120),Home Care,detergent,980.0,1200.0,950.0,Case,120,Yes
812,SURF LIQ  FRONT 10RS [10PCS],சர்ப் லிக். பிரண்ட் 10₹ (10),Home Care,detergent,90.0,100.0,88.0,10 pc,,Yes
814,SURF LIQ  FRONT 10RS[10PCS],சர்ப் லிக். பிரண்ட் 10₹(10),Home Care,detergent,90.0,100.0,90.0,10 pc,,Yes
818,SURF LIQ FRONT 1L,சர்ப் லிக். பிரண்ட் 1லி,Home Care,detergent,160.0,179.0,158.0,1 L,,Yes
816,SURF LIQ FRONT 500ML,சர்ப் லிக். பிரண்ட் 500மிலி,Home Care,detergent,122.0,130.0,120.0,500 ml,,Yes
813,SURF LIQ TOP 10RS CASE[120],சர்ப் லிக். டாப் 10₹ பெட்ழ(120),Home Care,detergent,100.0,1200.0,950.0,Case,120,Yes
817,SURF LIQ TOP 1L,சர்ப் லிக். டாப்; 1லி,Home Care,detergent,160.0,175.0,150.0,1 L,,Yes
815,SURF LIQ TOP 500ML,சர்ப் லிக். டாப்; 500மிலி,Home Care,detergent,112.0,120.0,110.0,500 ml,,Yes
810,SURF POW 10RS,சர்ப் பவுடர் 10₹,Home Care,detergent,54.0,60.0,54.0,1 unit,,Yes
809,SURF POW 10RS BAG[60],சர்ப் பவுடர் 10₹ பை(60),Home Care,detergent,500.0,600.0,500.0,Bag,60,Yes
806,SURF POW 4RS BAG[7],சர்ப் பவுடர் 4₹ பை(7),Home Care,detergent,2580.0,3024.0,2576.0,Bag,7,Yes
807,SURF POW 4RS KATTU[108],சர்ப் பவுடர் 4₹ கட்டு(108),Home Care,detergent,375.0,432.0,374.0,Bundle,108,Yes
808,SURF POW 4RS SARAM,சர்ப் பவுடர் 4₹ சரம்,Home Care,detergent,44.0,48.0,63.0,Strip,,Yes
826,SURF QUICK 1KG,சர்ப் குயிக் 1கி,Home Care,detergent,230.0,240.0,227.0,1 kg,,Yes
825,SURF QUICK 500G,சர்ப் குயிக் 500கி,Home Care,detergent,108.0,120.0,105.0,500 g,,Yes
820,SURF SOAP 10RS,சர்ப் சொப்பு 10₹,Home Care,soap,9.15,10.0,9.1,1 unit,,Yes
819,SURF SOAP 10RS CASE[140],சர்ப் சொப்பு 10₹ பெட்ழ(140),Home Care,soap,1260.0,1400.0,1250.0,Case,140,Yes
822,SURF SOAP 20RS,சர்ப் சொப்பு 20₹,Home Care,soap,19.0,20.0,18.0,1 unit,,Yes
821,SURF SOAP 22RS CASE[100],சர்ப் சொப்பு 22₹ பெட்ழ(100),Home Care,soap,1940.0,2200.0,1935.0,Case,100,Yes
824,SURF SOAP 33RS,சர்ப் சொப்பு 33₹,Home Care,soap,32.0,33.0,30.5,1 unit,,Yes
823,SURF SOAP 35RS CASE[60],சர்ப் சொப்பு 33₹ பெட்ழ(60),Home Care,soap,1880.0,2100.0,1880.0,Case,60,Yes
1419,TIDE 1KG,டைடு 1கி,Home Care,detergent,132.0,142.0,130.0,1 kg,,Yes
1420,TIDE 500G,டைடு 500கிராம்,Home Care,detergent,67.0,72.0,65.0,500 g,,Yes
1377,TIDE POW 10RS BAG[5],டைடு பவுடர் 10₹ பை(5),Home Care,detergent,500.0,600.0,485.0,Bag,5,Yes
1418,TIDE POW 10RS SAR,டைடு பவுடர் 10₹ சரம்,Home Care,detergent,105.0,120.0,108.0,Strip,,Yes
1424,TIDE SOAP 10RS CASE[60],டைடு சொப்பு 10₹ பெட்ழ(60),Home Care,soap,495.0,600.0,485.0,Case,60,Yes
1425,TIDE SOAP 10RS PC,டைடு சொப்பு 10₹ 1எண்.,Home Care,soap,9.0,10.0,9.0,Piece,,Yes
722,UJALA 10RS,,Home Care,detergent,10.0,,9.0,1 unit,,Yes
1064,UJALA 10RS SAR[12],,Home Care,detergent,110.0,120.0,108.0,Strip,12,Yes
721,UJALA 25RS,,Home Care,detergent,25.0,,23.0,1 unit,,Yes
1060,UJALA 32RS KATTU[12],,Home Care,detergent,340.0,384.0,338.0,Bundle,12,Yes
1061,UJALA 37RS PC,,Home Care,detergent,34.0,37.0,33.0,Piece,,Yes
1062,UJALA 80RS KATTU[10],,Home Care,detergent,705.0,800.0,700.0,Bundle,10,Yes
1063,UJALA 80RS PC,,Home Care,detergent,74.0,80.0,72.0,Piece,,Yes
539,VATHI 25RS,வத்தி 25₹,Home Care,agarbatti,24.0,25.0,20.0,1 unit,,Yes
540,VATHI DHARSHAN 10RS KATTU,வத்தி தர்ஷன் 10₹ கட்டு,Home Care,agarbatti,105.0,120.0,100.0,Bundle,,Yes
791,VIM 10RS,விம் 10₹,Home Care,dishwash,9.15,10.0,9.1,1 unit,,Yes
790,VIM 10RS CASE[108],விம் 10₹ பெட்ழ(108),Home Care,dishwash,970.0,1080.0,965.0,Case,108,Yes
792,VIM 30RS,விம் 30₹,Home Care,dishwash,28.0,30.0,28.0,1 unit,,Yes
789,VIM 5RS,விம் 5₹,Home Care,dishwash,4.6,5.0,4.6,1 unit,,Yes
788,VIM 5RS CASE[189],விம் 5₹ பெட்ழ(189),Home Care,dishwash,850.0,945.0,850.0,Case,189,Yes
745,VIM GEL 15RS,விம் டிசூல் 15₹,Home Care,dishwash,14.0,15.0,14.0,1 unit,,Yes
746,VIM GEL 15RS CASE(36),விம் டிசூல் 15₹ பெட்ழ(36),Home Care,dishwash,500.0,540.0,498.0,Case,36,Yes
744,VIM GEL 55RS,விம் டிசூல் 55₹,Home Care,dishwash,52.0,55.0,52.0,1 unit,,Yes
2043,WAX,,Home Care,match,10.0,,8.0,1 unit,,Yes
1142,WAX (6*1),வெக்ஸ்(6*1),Home Care,match,50.0,60.0,46.0,1 unit,,Yes
1549,WAX 2ND [10],,Home Care,match,430.0,600.0,425.0,1 unit,10,Yes
1511,WAX [10*1],,Home Care,match,85.0,100.0,82.0,1 unit,,Yes
2143,WHATS LIQUID 1L,,Home Care,generic,65.0,100.0,60.0,1 L,,Yes
1402,WOOD WAX (10*1),வுட் வெக்ஸ் (10*1),Home Care,match,125.0,140.0,90.0,1 unit,,Yes
2204,WOPPER LIQUID 1TR,,Home Care,generic,90.0,160.0,90.0,1 unit,,Yes
1227,1 TO 3 MASALA 10RS SAR,1-3 மசாலா 10₹ சரம்,Masala & Spices,spice,75.0,100.0,80.0,Strip,,Yes
408,65 MASALA 10RS,65 மசாலா 10₹,Masala & Spices,spice,80.0,100.0,76.0,1 unit,,Yes
636,65 MASALA 50G,65 மசாலா 50கி,Masala & Spices,spice,22.0,34.0,21.0,50 g,,Yes
638,65 MASALA 50G KATTU,65 மசாலா 50கி கட்டு,Masala & Spices,spice,530.0,680.0,520.0,50 g,,Yes
637,65 MASALA 50G SARAM,65 மசாலா 50கி சரம்,Masala & Spices,spice,208.0,340.0,204.0,50 g,,Yes
358,65 MASALA 5RS,65 மசாலா 5₹,Masala & Spices,spice,40.0,50.0,38.0,1 unit,,Yes
415,AA PERUNGAYATHOOL 10RS,ஏஏ பெருஹ்காயத்துஸள் 10₹,Masala & Spices,spice,100.0,120.0,85.0,1 unit,,Yes
2079,AACHI MASALA  5RS,,Masala & Spices,spice,39.0,50.0,38.0,1 unit,,Yes
2081,AACHI MASALA 10RS,,Masala & Spices,spice,80.0,100.0,76.0,1 unit,,Yes
2080,AACHI MASALA 12RS,,Masala & Spices,spice,92.0,120.0,90.0,1 unit,,Yes
366,AACHI PERTHOOL 2RS KATTU,ஆச்சி பெரு.துஸள் 2₹ கட்டு,Masala & Spices,spice,780.0,1000.0,770.0,Bundle,,Yes
1213,AACHI THOOL 10RS SAR,ஆச்சி துஸள் 10₹ சரம்,Masala & Spices,spice,82.0,100.0,75.0,Strip,,Yes
2039,AACHI THOOL 500G,ஆச்சி துஸள் 500கி,Masala & Spices,spice,180.0,350.0,170.0,500 g,,Yes
992,AACHI THOOL 50G KATTU,ஆச்சி துஸள் 50கி கட்டு,Masala & Spices,spice,340.0,440.0,330.0,50 g,,Yes
2227,ABISAGA PODI,,Masala & Spices,spice,12.0,,10.0,1 unit,,Yes
1365,AJINO MOTTO KG,,Masala & Spices,generic,180.0,200.0,175.0,1 unit,,Yes
1025,ASSORTED PICKLE CASE[30],அசார்டட் ஊருகாய் பெட்ழ(30),Masala & Spices,pickle,1140.0,1800.0,1120.0,Case,30,Yes
1026,ASSORTED PICKLE KATTU,அசார்டட் ஊருகாய் கட்டு,Masala & Spices,pickle,45.0,60.0,45.0,Bundle,,Yes
648,BAJJI MAAVU SAKTHI,,Masala & Spices,generic,28.0,40.0,26.0,1 unit,,Yes
72,BLACK SALT,கருப்பு உப்பு,Masala & Spices,salt,60.0,75.0,50.0,1 unit,,Yes
1479,BLEACHING POWDER,பிளிச்சிஹ் பவுடர்,Masala & Spices,spice,36.0,100.0,35.0,1 unit,,Yes
411,BRIYANI MASALA 12RS,பிரியாணி மசாலா 12₹,Masala & Spices,spice,95.0,150.0,90.0,1 unit,,Yes
630,BRIYANI MASALA 50G,பிரியாணி மசாலா 50கி,Masala & Spices,spice,27.0,46.0,26.0,50 g,,Yes
360,BRIYANI MASALA 5RS,பிரியாணி மசாலா 5₹,Masala & Spices,spice,40.0,50.0,38.0,1 unit,,Yes
2179,CHILLI  SAUCE 25RS,,Masala & Spices,spice,21.0,25.0,20.0,1 unit,,Yes
998,CHINGLES BLUE,,Masala & Spices,spice,122.0,150.0,120.0,1 unit,,Yes
997,CHINGLES GREEN,,Masala & Spices,spice,122.0,150.0,120.0,1 unit,,Yes
996,CHINGLES ROSE,,Masala & Spices,spice,122.0,150.0,128.0,1 unit,,No
923,CIN BLACK 10RS CASE[18],சின்தால் கருப்பு 10₹ பெட்ழ(18),Masala & Spices,generic,1850.0,2160.0,1840.0,Case,18,Yes
924,CIN BLACK 10RS KATTU,சின்தால் கருப்பு 10₹ கட்டு,Masala & Spices,generic,108.0,120.0,105.0,Bundle,,Yes
925,CIN BLACK 10RS PC,சின்தால் கருப்பு 10₹,Masala & Spices,generic,9.0,10.0,8.9,Piece,,Yes
939,CIN BLACK RS 45,சின்தால் கருப்பு 45₹,Masala & Spices,generic,44.0,45.0,42.0,1 unit,,Yes
920,CIN BLUE 10RS CASE[18],சின்தால் நீலம் 10₹ கெஸ்(18),Masala & Spices,generic,1850.0,2160.0,1845.0,Case,18,Yes
921,CIN BLUE 10RS KATTU,சின்தால் நீலம் 10₹ கட்டு,Masala & Spices,generic,108.0,120.0,105.0,Bundle,,Yes
922,CIN BLUE 10RS PC,சின்தால் நீலம் 10₹,Masala & Spices,generic,9.0,10.0,8.9,Piece,,Yes
937,CIN BLUE 45RS PC,சின்தால் நீலம் 45₹,Masala & Spices,generic,43.0,45.0,42.0,Piece,,Yes
903,CIN RED 10RS,சின்தால் சிவப்பு 10₹,Masala & Spices,generic,9.0,10.0,8.9,1 unit,,Yes
901,CIN RED 10RS CAS[10],சின்தால் சிவப்பு 10₹ கெஸ்(10),Masala & Spices,generic,2050.0,2400.0,2040.0,1 unit,10,Yes
902,CIN RED 10RS [24PC],சின்தால் சிவப்பு 10₹ (24),Masala & Spices,generic,215.0,240.0,210.0,24 pc,,Yes
2131,CIN RED 62RS,சின்தால் சிவப்பு ₹62,Masala & Spices,generic,60.0,78.0,59.0,1 unit,,Yes
941,CIN RED RS 30,சின்தால் சிவப்பு ₹30,Masala & Spices,generic,29.0,30.0,28.0,1 unit,,Yes
943,CIN RED RS 40,சின்தால் சிவப்பு ₹40,Masala & Spices,generic,38.0,46.0,37.5,1 unit,,Yes
940,CIN RED RS37 CASE[200],சின்தால் சிவப்பு ₹37 பெட்ழ(200),Masala & Spices,generic,6670.0,7400.0,6660.0,Case,200,Yes
942,CIN RED RS46 CASE[160],சின்தால் சிவப்பு ₹46 (160),Masala & Spices,generic,6680.0,7360.0,6670.0,Case,160,Yes
917,CIN YEL 10RS CASE[18],சின்தால் மஞ்சள் 10₹ கெஸ்(18),Masala & Spices,generic,1850.0,2160.0,1840.0,Case,18,Yes
918,CIN YEL 10RS KATTU,சின்தால் மஞ்சள 10₹ கட்டு,Masala & Spices,generic,108.0,120.0,105.0,Bundle,,Yes
919,CIN YEL 10RS PC,சின்தால் மஞ்சள 10₹,Masala & Spices,generic,9.0,10.0,8.9,Piece,,Yes
938,CIN YEL RS 45,சின்தால் மஞ்சள் 45₹,Masala & Spices,generic,43.0,45.0,42.0,1 unit,,Yes
452,COL SALT 10RS,கொல்.சால்ட் 10₹,Masala & Spices,salt,9.5,10.0,9.0,1 unit,,Yes
450,COL SALT 10RS KATTU,கொல். உப்பு 10₹ கட்டு,Masala & Spices,salt,110.0,120.0,105.0,Bundle,,Yes
456,COL SALT 20RS,கொல்.சால்ட் 20₹,Masala & Spices,salt,19.0,20.0,18.0,1 unit,,Yes
457,COL SALT 20RS KATTU,கொல்.சால்ட் 20₹ கட்டு,Masala & Spices,salt,216.0,220.0,214.0,Bundle,,Yes
460,COL SALT 61RS KATTU,கொல்.சால்ட் 61₹ கட்டு,Masala & Spices,salt,670.0,732.0,670.0,Bundle,,Yes
461,COL SALT 84RS,கொல்.சால்ட் 84₹,Masala & Spices,salt,80.0,84.0,70.0,1 unit,,Yes
1045,CRYSTAL SALT AYNG PC,கிரிஸ்டல் உப்பு,Masala & Spices,salt,8.75,20.0,10.0,Piece,,Yes
1043,CRYSTAL SALT BAG AYN [25],கிரிஸ்டல் உப்பு பை(25),Masala & Spices,salt,230.0,500.0,250.0,Bag,25,Yes
615,CURRY MASALA 50G,கறிமசாலா 50கிராம்,Masala & Spices,spice,20.0,30.0,19.0,50 g,,No
617,CURRY MASALA 50G KATTU,கறிமசாலா 50கிராம் கட்டு,Masala & Spices,spice,375.0,600.0,370.0,50 g,,Yes
616,CURRY MASALA 50G SARAM,கறிமசாலா 50கிராம் சரம்,Masala & Spices,spice,190.0,300.0,186.0,50 g,,Yes
1156,D.S PODI [20],ழ.எஸ் பொழ(20),Masala & Spices,spice,165.0,200.0,160.0,1 unit,20,Yes
1129,ELAICHI OSH 1RS,ஏலக்காய் 1₹,Masala & Spices,spice,65.0,100.0,60.0,1 unit,,Yes
1544,G.R.B PULI 10RS,,Masala & Spices,pickle,100.0,120.0,96.0,1 unit,,Yes
652,GARAM 200G,கரம் 200கி,Masala & Spices,spice,90.0,152.0,85.0,200 g,,Yes
653,GARAM 200G SARAM,கரம் 200கி சரம்,Masala & Spices,spice,420.0,760.0,410.0,200 g,,Yes
633,GARAM 50G,கரம் 50கி,Masala & Spices,spice,23.0,38.0,22.0,50 g,,Yes
635,GARAM 50G KATTU,கரம் 50கி கட்டு,Masala & Spices,spice,480.0,760.0,470.0,50 g,,Yes
634,GARAM 50G SARAM,கரம் 50கி சரம்,Masala & Spices,spice,260.0,380.0,250.0,50 g,,Yes
361,GARAM 5RS,கரம் 5₹,Masala & Spices,spice,40.0,50.0,38.0,1 unit,,Yes
412,GARAM MASALA 12RS,கரம் மசாலா 12₹,Masala & Spices,spice,92.0,120.0,90.0,1 unit,,No
1027,GARLIC PICKLE CASE[18],பூண்டு ஊருகாய் பெட்ழ(18),Masala & Spices,pickle,1140.0,1800.0,1120.0,Case,18,Yes
1028,GARLIC PICKLE KATTU,பூண்டு ஊருகாய் கட்டு,Masala & Spices,pickle,75.0,100.0,80.0,Bundle,,Yes
1029,GARLIC PICKLE SAR,பூண்டு ஊருகாய் சரம்,Masala & Spices,pickle,16.0,20.0,15.0,Strip,,Yes
1576,GOPAL PALPODI,,Masala & Spices,spice,8.0,10.0,8.0,1 unit,,Yes
1333,GOPAL PALPODI KATTU[50],கொபால் பல்பொழ கட்டு(50),Masala & Spices,spice,405.0,500.0,400.0,Bundle,50,Yes
991,GOPURAM MANJATHOOL 50G,கொபுரம் ம.துஸள் 50கி,Masala & Spices,spice,50.0,100.0,55.0,50 g,,Yes
1307,JEERAGAM KG,சீரகம்,Masala & Spices,spice,340.0,600.0,330.0,1 unit,,Yes
210,KAANJAMILAGA 5RS,கா.மிளகாய் 5₹,Masala & Spices,pickle,42.0,60.0,42.0,1 unit,,Yes
1323,KAANJAMILAGAI L15 KG,கா.மிளகாய்,Masala & Spices,spice,300.0,350.0,280.0,15 kg,,Yes
1347,KAARATHOOL 10RS SAR,காரத்துஸள் 10₹ சரம்,Masala & Spices,spice,78.0,100.0,76.0,Strip,,Yes
649,KAARATHOOL 500G SAKTHI,காரத்துஸள் 500கி சக்தி,Masala & Spices,spice,111.0,,140.0,500 g,,Yes
608,KAARATHOOL 50G,காரத்துஸள் 50கிராம்,Masala & Spices,spice,20.0,25.0,19.0,50 g,,Yes
607,KAARATHOOL 50G KATTU,காரத்துஸள் 50கிராம் கட்டு,Masala & Spices,spice,330.0,500.0,320.0,50 g,,Yes
606,KAARATHOOL 50G SARAM,காரத்துஸள் 50கிராம் சரம்,Masala & Spices,spice,170.0,250.0,160.0,50 g,,Yes
1518,KAARATHOOL 5RS SARAM,காரத்துஸள் 5₹ சரம்,Masala & Spices,spice,40.0,,38.0,Strip,,Yes
1348,KAARATHOOL KATTU[5],காரத்துஸள் கட்டு(5),Masala & Spices,spice,380.0,500.0,375.0,Bundle,5,Yes
1298,KANJU VATHAL 10RS [20],கஞ்சி வத்தல் 10₹(20),Masala & Spices,spice,160.0,200.0,160.0,1 unit,20,Yes
2269,KASHMIR CHILLI 15RS,,Masala & Spices,spice,130.0,200.0,125.0,1 unit,,Yes
2050,KASTHURI MANJATHOOL 25RS,,Masala & Spices,spice,20.0,25.0,18.5,1 unit,,Yes
2029,KOMBU MANJAL,,Masala & Spices,spice,240.0,300.0,225.0,1 unit,,Yes
364,KULAMBU THOOL 10RS,குர்ம்புத்துஸள் 10₹,Masala & Spices,spice,85.0,100.0,82.0,1 unit,,Yes
362,KULAMBU THOOL 5RS,குர்ம்பு துஸள் 5₹,Masala & Spices,spice,45.0,50.0,42.0,1 unit,,Yes
417,KULAMBUTHOOL 50G  KATTU,குர்ம்புத்துஸள் 50கிராம் கட்டு,Masala & Spices,spice,265.0,400.0,262.0,50 g,,Yes
416,KULAMBUTHOOL 50G  SARAM,குர்ம்புத்துஸள் 50கிராம் சரம்,Masala & Spices,spice,170.0,200.0,165.0,50 g,,Yes
217,KULI MANJAL 5RS,குள மஞ்சள் 5₹,Masala & Spices,spice,42.0,60.0,40.0,1 unit,,Yes
1244,L.G THOOL 50G,,Masala & Spices,spice,70.0,85.0,68.0,50 g,,Yes
1392,MALLI DHANIYA KG,மல்லி தணியா,Masala & Spices,spice,170.0,200.0,165.0,1 unit,,Yes
371,MALLI THOOL 10RS,மல்லி தூள் 10₹,Masala & Spices,spice,75.0,100.0,85.0,1 unit,,Yes
650,MALLI THOOL 500G,மல்லித்துஸள் 500கி,Masala & Spices,spice,0.0,,,500 g,,Yes
609,MALLI THOOL 50G,மல்லித்துஸள்,Masala & Spices,spice,13.0,16.0,12.0,50 g,,Yes
611,MALLI THOOL 50G KATTU,மல்லித்துஸம் 50கிராம் கட்டு,Masala & Spices,spice,180.0,320.0,175.0,50 g,,Yes
610,MALLI THOOL 50G SARAM,மல்லித்துஸள் 50கிராம் சரம்,Masala & Spices,spice,90.0,200.0,88.0,50 g,,Yes
353,MALLI THOOL 5RS,மல்லி தூள் 5₹,Masala & Spices,spice,40.0,50.0,38.0,1 unit,,Yes
2221,MANGO PICKLE 5KG,,Masala & Spices,pickle,330.0,400.0,320.0,5 kg,,Yes
418,MANJA THOOL AACHI 50G SARAM,ம.துஸள் ஆச்சி 50கிராம் சரம்,Masala & Spices,spice,130.0,200.0,125.0,50 g,,Yes
419,MANJA THOOL AACHI 5OG  KATTU,ம.துஸள் ஆச்சி 50கிராம் கட்டு,Masala & Spices,spice,260.0,300.0,240.0,Bundle,,Yes
224,MANJA VATHAL 5RS,மஞ்ச வத்தல் 5₹,Masala & Spices,spice,58.0,75.0,58.0,1 unit,,Yes
405,MANJATHOOL 10RS,ம.துுஸள் 10₹,Masala & Spices,spice,75.0,100.0,76.0,1 unit,,Yes
651,MANJATHOOL 500G,ம.துஸள் 500கி,Masala & Spices,spice,200.0,,112.0,500 g,,Yes
356,MANJATHOOL 5RS,ம.துுஸள் 5₹,Masala & Spices,spice,40.0,50.0,38.0,1 unit,,Yes
605,MANJATHOOL SAKTHI 50G,ம.துஸள் சக்தி 50கிராம்,Masala & Spices,spice,8.0,20.0,12.0,50 g,,Yes
604,MANJATHOOL SAKTHI 50G KATTU,ம.துஸள் சக்தி 50கிராம் கட்டு,Masala & Spices,spice,270.0,400.0,260.0,50 g,,Yes
603,MANJATHOOL SAKTHI 50G SARAM,ம.துஸள் சக்தி 50கிராம் சரம்,Masala & Spices,spice,140.0,,135.0,50 g,,Yes
569,MARIE JEERA 10RS,,Masala & Spices,biscuit,9.5,10.0,9.0,1 unit,,Yes
184,MASALA MANILA 5RS,மசாலா மணிலா 5₹,Masala & Spices,spice,42.0,60.0,40.0,1 unit,,Yes
242,MASALA MANILAPAYIR 1KG,மசாலா மணிலாபயிர் 1கி,Masala & Spices,spice,180.0,200.0,175.0,1 kg,,Yes
1073,MASALA PACHA.PAYIR KG,மசாலா ப.பயிறு கி,Masala & Spices,spice,150.0,200.0,145.0,1 unit,,Yes
1524,MILAGU,மிளகு,Masala & Spices,generic,790.0,1000.0,820.0,1 unit,,Yes
1344,MILAGU 250G,மிளகு 250கிராம்,Masala & Spices,generic,155.0,200.0,152.0,250 g,,Yes
2028,MILAGU 50G [20],,Masala & Spices,generic,740.0,,720.0,50 g,20,Yes
205,MILAGU 5RS,மிளகு 5₹,Masala & Spices,generic,42.0,60.0,42.0,1 unit,,Yes
207,MILAGU SEERAGAM 5RS,மிளகு சீரகம் 5₹,Masala & Spices,generic,42.0,60.0,42.0,1 unit,,Yes
639,MILAGU THOOL 50G,மிளக துஸள் 50கி,Masala & Spices,spice,45.0,65.0,40.0,50 g,,Yes
641,MILAGU THOOL 50G KATTU,மிளக துஸள் 50கி கட்டு,Masala & Spices,spice,800.0,1300.0,780.0,50 g,,Yes
640,MILAGU THOOL 50G SARAM,மிளக துஸள் 50கி சரம்,Masala & Spices,spice,400.0,650.0,390.0,50 g,,Yes
1197,MILLAKAI THOOL KG,மிளகாய்துஸள்,Masala & Spices,spice,152.0,250.0,160.0,1 unit,,Yes
2275,NIRAI PICKLE 80RS,,Masala & Spices,pickle,80.0,,70.0,1 unit,,Yes
66,OHMS CHILLI,ஓம்ஸ் மிளகாய்,Masala & Spices,spice,50.0,,45.0,1 unit,,Yes
1071,OOM PODI KG,ஓம்பொழ 1கி,Masala & Spices,spice,115.0,150.0,110.0,1 unit,,Yes
23,PACHARASI KRISHNA,ப.அரிசி கிருஷ்ணா,Masala & Spices,pickle,45.0,60.0,42.0,1 unit,,Yes
1135,PARRY SUGAR 1KG PKT,பாரி சர்க்கரை 1கி பாக்.,Masala & Spices,sugar,60.0,75.0,59.0,1 kg,,Yes
1565,PARRY SUGAR 200G,பாரி சர்க்கரை 200கி,Masala & Spices,sugar,12.0,20.0,12.5,200 g,,Yes
1143,PARRY SUGAR 200G BAG[125],சர்க்கரை 200கி பை(125),Masala & Spices,sugar,1350.0,3000.0,1340.0,200 g,125,Yes
2010,PARRY SUGAR 25KG,,Masala & Spices,sugar,1060.0,2000.0,1050.0,25 kg,,Yes
1508,PARRY SUGAR 500G,பாரி சர்க்கரை 500கி,Masala & Spices,sugar,30.0,100.0,29.0,500 g,,Yes
363,PEPPER 6RS,மிளகு 6₹,Masala & Spices,spice,50.0,60.0,45.0,1 unit,,Yes
414,PEPPER MASALA 10RS,பெப்பர் மசாலா 10₹,Masala & Spices,spice,78.0,100.0,80.0,1 unit,,Yes
1610,PER . THOOL 10RS,பெரு.துஸள் 10₹,Masala & Spices,spice,95.0,120.0,92.0,1 unit,,Yes
2267,PER .THOOL TT  2RS,,Masala & Spices,spice,35.0,40.0,30.0,1 unit,,Yes
2027,PER JEERAGAM 50G  [20],,Masala & Spices,spice,160.0,200.0,150.0,50 g,20,Yes
2192,PER THOOL AARAM 1RS,,Masala & Spices,spice,15.0,20.0,12.0,1 unit,,Yes
2193,PER THOOL AARAM 1RS [10],,Masala & Spices,spice,120.0,200.0,110.0,1 unit,10,Yes
365,PER.THOOL 2RS SARAM,பெரு.துஸள் 2₹ சரம்,Masala & Spices,spice,32.0,40.0,32.0,Strip,,Yes
1372,PERU JEERAGAM KG,பெருஞ்சீரகம்,Masala & Spices,spice,190.0,400.0,180.0,1 unit,,Yes
420,PERUNG THOOL 79RS,பெரு.துஸள் 79₹,Masala & Spices,spice,60.0,79.0,55.0,1 unit,,Yes
1201,PERUNGAYAM G.D 2RS SAR,,Masala & Spices,spice,32.0,40.0,30.0,Strip,,Yes
1200,PERUNGAYAM G.D KATTU[10],,Masala & Spices,spice,310.0,400.0,300.0,Bundle,10,Yes
645,PERUNJEERAGA PODI 50G,பெருஞ்சரக பொழ 50கி,Masala & Spices,spice,15.0,24.0,14.0,50 g,,Yes
647,PERUNJEERAGA PODI 50G KATTU,பெருஞ்சரக பொழ 50கி கட்டு,Masala & Spices,spice,270.0,480.0,265.0,50 g,,Yes
646,PERUNJEERAGA PODI 50G SARAM,பெருஞ்சரக பொழ 50கி சரம்,Masala & Spices,spice,140.0,240.0,135.0,50 g,,Yes
17,PONMANI  A. MALLI[26],பொன்மனி ஏ.மல்லி(26),Masala & Spices,spice,980.0,1000.0,980.0,1 unit,26,Yes
24,PONMANI A. MALLI 1KG,பொன்மனி,Masala & Spices,spice,45.0,60.0,40.0,1 kg,,Yes
225,POONDU VATHAL 5RS,பூண்டு வத்தல் 5₹,Masala & Spices,spice,58.0,75.0,58.0,1 unit,,Yes
2159,POPCORN SALTED 5RS,,Masala & Spices,chips,55.0,60.0,54.0,1 unit,,Yes
2245,POWDER SALT 1/2 PC,பவுடர் உப்பு 1ஃ2,Masala & Spices,salt,7.0,10.0,6.0,2 pc,,Yes
2078,POWDER SALT 1/2 [50],பவுடர் உப்பு 1ஃ2 பை(50),Masala & Spices,salt,260.0,500.0,250.0,1 unit,50,Yes
1044,POWDER SALT AYNG BAG[25],பவுடர் உப்பு பை(25),Masala & Spices,salt,240.0,625.0,260.0,Bag,25,Yes
1046,POWDER SALT AYNG PC,பவுடர் உப்பு,Masala & Spices,salt,9.5,30.0,9.0,Piece,,Yes
2049,POYERA PALPODI,,Masala & Spices,spice,200.0,250.0,195.0,1 unit,,Yes
1602,PRIYA MASALA 10RS,,Masala & Spices,spice,75.0,100.0,75.0,1 unit,,Yes
1601,PRIYA MASALA 5RS,,Masala & Spices,spice,45.0,60.0,42.0,1 unit,,Yes
1547,PULI JAM 1RS,,Masala & Spices,pickle,19.0,24.0,19.0,1 unit,,Yes
369,PULI SADHAM 10RS,புளிசாதம் 10₹,Masala & Spices,pickle,100.0,,99.0,1 unit,,Yes
1312,PULI [NO.1] KG,புளி தொசை (நெ.1) 1கி,Masala & Spices,pickle,120.0,250.0,120.0,1 unit,,Yes
1520,PULIMARK 100GM,,Masala & Spices,pickle,20.0,40.0,19.0,100 g,,Yes
2069,PULIMARK 3RS,,Masala & Spices,pickle,45.0,60.0,43.0,1 unit,,Yes
1530,PULIMARK 5RS SAR,,Masala & Spices,pickle,65.0,75.0,60.0,Strip,,Yes
351,PULISADHAM 5RS,புளிசாதம் 5₹,Masala & Spices,pickle,40.0,50.0,38.0,1 unit,,No
2008,RAGI 500G SAKTHI,,Masala & Spices,generic,35.0,49.0,34.0,500 g,,Yes
406,RASAM 10RS,ரசம் 10₹,Masala & Spices,spice,80.0,100.0,76.0,1 unit,,Yes
621,RASAM 50G,ரசம் 50கி,Masala & Spices,spice,26.0,35.0,25.0,50 g,,Yes
623,RASAM 50G KATTU,ரசம் 50கி கட்டு,Masala & Spices,spice,480.0,700.0,478.0,50 g,,Yes
622,RASAM 50G SARAM,ரசம் 50கி சரம்,Masala & Spices,spice,243.0,350.0,240.0,50 g,,Yes
349,RASAM 5RS,ரசம் 5₹,Masala & Spices,spice,40.0,50.0,38.0,1 unit,,Yes
2220,RUSK THOOL,,Masala & Spices,biscuit,100.0,150.0,90.0,1 unit,,Yes
171,SALT BISCUIT 1RS,சால்ட் பிஸ்கட் 1₹,Masala & Spices,biscuit,15.0,20.0,15.0,1 unit,,No
172,SALT BISCUIT 2RS,சால்ட் பிஸ்கட் 2₹,Masala & Spices,biscuit,30.0,40.0,30.0,1 unit,,Yes
1362,SALT PISTA 250G,சால்ட் பிஸ்தா 250கிராம்,Masala & Spices,salt,300.0,425.0,290.0,250 g,,Yes
231,SANGU VATHAL 5RS,சஹ்கு வத்தல் 5₹,Masala & Spices,spice,58.0,75.0,58.0,1 unit,,Yes
410,SEERAGA THOOL 10RS,சீரக துஸள் 10₹,Masala & Spices,spice,90.0,100.0,82.0,1 unit,,Yes
642,SEERAGA THOOL 50G,சீரகத்துஸள் 50கி,Masala & Spices,spice,25.0,33.0,20.0,50 g,,Yes
644,SEERAGA THOOL 50G KATTU,சீரகத்துஸள் 50கி கட்டு,Masala & Spices,spice,370.0,660.0,360.0,50 g,,No
643,SEERAGA THOOL 50G SARAM,சீரகத்துஸள் 50கி சரம்,Masala & Spices,spice,190.0,330.0,185.0,50 g,,Yes
359,SEERAGA THOOL 5RS,சீரக்ததூள் 5₹,Masala & Spices,spice,40.0,50.0,38.0,1 unit,,Yes
64,SINGAM CHILLI,சிஹ்கம் மிள்காய்,Masala & Spices,spice,40.0,,35.0,1 unit,,Yes
413,SOAMBU THOOL 10RS,சொம்பத்துஸள் 10₹,Masala & Spices,spice,75.0,100.0,72.0,1 unit,,Yes
1284,SUGAR,சர்க்கரை,Masala & Spices,sugar,60.0,,52.0,1 unit,,Yes
1107,SUGAR  50KG,சர்க்கரை 50கி,Masala & Spices,sugar,2400.0,,2380.0,50 kg,,Yes
209,SUKKU 5RS,சுக்கு 5₹,Masala & Spices,generic,42.0,60.0,42.0,1 unit,,Yes
702,SUNRISE 10RS CASE,சன்ரைஸ் 10₹ பெட்ழ,Masala & Spices,generic,0.0,,,Case,,Yes
680,SUNRISE 10RS SARAM,சன்ரைஸ் 10₹ சரம்,Masala & Spices,generic,55.0,120.0,108.0,Strip,,No
681,SUNRISE 200G,சன்ரைஸ் 200கி,Masala & Spices,generic,150.0,164.0,145.0,200 g,,Yes
703,SUNRISE 200G KATTU[1KG],சன்ரைஸ் 200கி கட்டு(1கி),Masala & Spices,generic,0.0,,,1 kg,,Yes
700,SUNRISE 2RS CASE,சன்ரைஸ் 2₹ பெட்ழ,Masala & Spices,generic,0.0,,,Case,,Yes
677,SUNRISE 2RS KATTU,சன்ரைஸ் 2₹ கட்டு,Masala & Spices,generic,265.0,312.0,275.0,Bundle,,Yes
676,SUNRISE 2RS SARAM,சன்ரைஸ் 2₹ சரம்,Masala & Spices,generic,21.0,24.0,22.0,Strip,,Yes
701,SUNRISE 5RS CASE,சன்ரைஸ் 5₹ பெட்ழ,Masala & Spices,generic,0.0,,,Case,,Yes
679,SUNRISE 5RS KATTU,சன்ரைஸ் 5₹ கட்டு,Masala & Spices,generic,110.0,120.0,265.0,Bundle,,Yes
678,SUNRISE 5RS SARAM,சன்ரைஸ் 5₹,Masala & Spices,generic,65.0,,65.0,Strip,,Yes
68,SWEET SOMBU,ஈனிப்பு சொம்பு,Masala & Spices,spice,90.0,120.0,85.0,1 unit,,Yes
1366,TASTEWIN  AJINO 1/2,,Masala & Spices,generic,110.0,200.0,105.0,1 unit,,Yes
1557,TATA SALT,,Masala & Spices,salt,25.0,29.0,24.5,1 unit,,Yes
1558,TATA SALT [25],,Masala & Spices,salt,610.0,725.0,605.0,1 unit,25,Yes
588,TIGER CRM ELACHI 5RS,டைகர் சிஆர்எம் ஏலக்காய் 5₹,Masala & Spices,spice,54.0,60.0,52.0,1 unit,,Yes
1301,VATHAL KOTHU 200RS  [20],வத்தல் கொத்து 200₹ (20),Masala & Spices,spice,160.0,,160.0,1 unit,20,Yes
223,VATHAL KOTHU 5RS,வத்தல் குர்ம்பு,Masala & Spices,spice,58.0,75.0,58.0,1 unit,,Yes
81,VEEBA CHILLI SAUCE 1KG,வீபர் சில்லி சாஸ் 1கி,Masala & Spices,spice,200.0,250.0,190.0,1 kg,,Yes
1305,VELLAM,வெல்லம்,Masala & Spices,sugar,55.0,100.0,53.0,1 unit,,Yes
226,VENGAYA VATHAL 5RS,வெஹ்காய வத்தல் 5₹,Masala & Spices,spice,58.0,75.0,58.0,1 unit,,Yes
1472,WHITE PEPPER 500G,வெ.மிளகு 500கிராம்,Masala & Spices,spice,150.0,300.0,120.0,500 g,,Yes
1590,ALMOND OIL 70RS,,Oils,oil,65.0,70.0,63.0,1 unit,,Yes
2244,BLACK PHENOIL,,Oils,oil,30.0,60.0,28.0,1 unit,,Yes
2219,BLUMM PHENOIL,,Oils,oil,45.0,100.0,40.0,1 unit,,Yes
1531,BOXER COIL SMALL,,Oils,oil,30.0,,25.0,1 unit,,Yes
1457,COOKOO COIL BIG PC,குக்வு காயில் பெரியது,Oils,oil,45.0,85.0,44.5,Piece,,No
2268,COOKOO COIL BIG [18],,Oils,oil,840.0,2000.0,830.0,1 unit,18,Yes
1257,GINGELY OIL 100ML PC,நல்லெண்நெய் 100மிலி,Oils,oil,35.0,38.0,34.0,100 ml,,Yes
970,GROUNDNUT OIL 1/2L BOT,க.எண்ணெய் 1ஃ2லி பாட்.,Oils,oil,110.0,150.0,105.0,2 L,,Yes
969,GROUNDNUT OIL 1L BOT,க.எண்ணெய் 1லி பாட்.,Oils,oil,215.0,300.0,210.0,1 L,,Yes
1375,IDHAYAM OIL 5OML KATTU,ஈதயம் ஆயில் 50மிலி கட்டு,Oils,oil,350.0,380.0,345.0,Bundle,,Yes
2196,MR GOLD GROUNDNUT OIL 1TR,,Oils,oil,180.0,200.0,178.0,1 unit,,Yes
1334,NAVARATNA OIL 1RS KATTU[16],நவரத்னா ஆயில் 1₹ கடடு(16),Oils,oil,335.0,384.0,330.0,Bundle,16,Yes
1335,NAVARATNA OIL 1RS SAR,நவரத்னா ஆயில் 1₹ சரம்,Oils,oil,21.5,24.0,21.25,Strip,,No
961,PALM OIL 1/2 BOX[20],பாமாயில் 1ஃ2 பெடடழ(20),Oils,oil,1400.0,,1395.0,Box,20,Yes
962,PALM OIL 1/2 PC,பாமாயில் 1ஃ2,Oils,oil,62.0,80.0,61.0,2 pc,,Yes
959,PALM OIL 1L BOX[10],பாமாயில் 1லி பெட்ழ(10),Oils,oil,1400.0,,1390.0,1 L,10,Yes
960,PALM OIL 1L PC,பாமாயில் 1லி,Oils,oil,142.0,200.0,140.0,1 L,,Yes
246,SOAP OIL,சொப்பு ஆயில்,Oils,oil,30.0,40.0,25.0,1 unit,,Yes
443,VVD 100ML POUCH,விவிழ 100மிலி பவுச்,Oils,generic,250.0,320.0,245.0,100 ml,,Yes
441,VVD 10RS,வவிழ 10₹,Oils,generic,9.5,10.0,9.0,1 unit,,Yes
440,VVD 10RS KATTU,விவிழ 10₹ கட்டு,Oils,generic,140.0,150.0,135.0,Bundle,,Yes
447,VVD 120RS,விவிழ 120₹,Oils,generic,115.0,120.0,108.0,1 unit,,Yes
442,VVD 15RS KATTU,விவிழ 15₹ கட்டு,Oils,generic,200.0,225.0,180.0,Bundle,,Yes
1381,VVD 1RS KATTU,விவிழ 1₹ கட்டு,Oils,generic,35.0,40.0,33.0,Bundle,,Yes
446,VVD 40RS KATTU,விவிழ 40₹ கட்டு,Oils,generic,520.0,600.0,500.0,Bundle,,Yes
449,VVD 500ML,விவிழ 500மிலி,Oils,generic,120.0,145.0,115.0,500 ml,,Yes
444,VVD 50ML POUCH,விவிழ 50மிலி பவுச்,Oils,generic,135.0,150.0,130.0,50 ml,,Yes
445,VVD 70RS,விவிழ 70₹,Oils,generic,66.0,70.0,64.0,1 unit,,No
448,VVD 75RS KATTU,விவிழ 75₹ கட்டு,Oils,generic,500.0,600.0,450.0,Bundle,,Yes
1053,707 POWDER 1RS BAG[21],707 பவுடர் 1₹ பை(21),Personal Care,cream,210.0,252.0,205.0,Bag,21,Yes
1054,707 POWDER 1RS SAR,707 பவுடர் 1₹ சரம்;,Personal Care,cream,10.0,12.0,10.0,Strip,,Yes
2035,AIRELA SOAP 10RS,,Personal Care,soap,9.0,10.0,8.5,1 unit,,Yes
537,CHALLENGE SOAP 1 BOX,செலஞ்ச் சொப்பு 1பெட்ழ,Personal Care,soap,550.0,600.0,540.0,Box,,Yes
2236,CHALLENGE SOAP 10RS,செலஞ் சொப்பு ₹10,Personal Care,soap,9.0,10.0,8.8,1 unit,,Yes
1196,CHALLENGE SOAP RS20 PC,செலஞ் சொப்பு ₹20,Personal Care,soap,18.5,20.0,18.0,20 pc,,Yes
830,CLINIC 1RS CASE[60],கிளினிக் 1₹ பெட்ழ(60),Personal Care,shampoo,710.0,960.0,720.0,Case,60,Yes
831,CLINIC 1RS SARAM,கிளினிக் 1₹ சரம்,Personal Care,shampoo,13.0,16.0,13.0,Strip,,Yes
878,CLOSE UP 10RS [12 PC],குளொசப் 10₹ (12),Personal Care,generic,110.0,120.0,108.0,12 pc,,Yes
881,CLOSE UP 20RS,குளொசப் 20₹,Personal Care,generic,18.5,20.0,18.0,1 unit,,Yes
879,CLOSE UP 20RS CAS[12],குளொசப் 20₹ கெஸ்(12),Personal Care,generic,2540.0,2880.0,2530.0,1 unit,12,Yes
880,CLOSE UP 20RS[6],குளொசப் 20₹ (6),Personal Care,generic,110.0,120.0,108.0,1 unit,6,Yes
883,CLOSE UP 54RS,குளொசப் 54₹,Personal Care,generic,51.0,54.0,50.0,1 unit,,Yes
882,CLOSE UP 54RS[12 PC],குளொசப் 54₹ (12),Personal Care,generic,590.0,648.0,585.0,12 pc,,Yes
32,COMB BOYS,காம்ப் பாய்ஸ்,Personal Care,generic,20.0,,15.0,1 unit,,Yes
33,COMB GIRLS,காம்ப் கெல்ஸ்,Personal Care,generic,48.0,120.0,45.0,1 unit,,Yes
53,COMB ROUND 1PCS,சீப்பு ரவுண்ட் 1எண்,Personal Care,generic,20.0,60.0,15.0,1 pc,,Yes
54,COMB ROUND BULK,சீப்பு ரவுண்ட் மொத்தம்;,Personal Care,generic,90.0,100.0,85.0,1 unit,,No
1019,D.AMLA RS 20 PC,ழ.ஆம்லா ₹20,Personal Care,hairoil,18.5,20.0,18.25,20 pc,,Yes
1018,D.AMLA RS20 KATTU[8],ழ.ஆம்லா ₹20 கட்டு(8),Personal Care,hairoil,148.0,160.0,145.0,Bundle,8,No
1020,D.AMLA RS49 KATTU[6],ழ.ஆம்லா ₹49 கட்டு(6),Personal Care,hairoil,275.0,294.0,272.0,Bundle,6,Yes
1021,D.AMLA RS55,ழ.ஆம்லா ₹55,Personal Care,hairoil,52.0,55.0,51.0,1 unit,,Yes
906,DABUR 10RS 12PS,டாபர் 10₹ (12),Personal Care,generic,90.0,120.0,95.0,1 unit,,Yes
1005,DABUR 10RS CASE[24],டாபர் 10₹ கெஸ்(24),Personal Care,generic,2250.0,2880.0,2240.0,Case,24,Yes
1006,DABUR 10RS KATTU,டாபர் 10₹ கட்டு,Personal Care,generic,105.0,120.0,100.0,Bundle,,Yes
1007,DABUR 10RS PC,டாபர் 10₹,Personal Care,generic,9.0,10.0,8.75,Piece,,Yes
1008,DABUR 20RS CASE[12],டாபர் 20₹ கெஸ்(12),Personal Care,generic,2460.0,2880.0,2450.0,Case,12,Yes
1009,DABUR 20RS KATTU,டாபர் 20₹ கட்டு,Personal Care,generic,215.0,240.0,210.0,Bundle,,Yes
1010,DABUR 20RS PC,டாபர் 20₹,Personal Care,generic,18.0,20.0,18.0,Piece,,Yes
1011,DABUR 68RS CASE[72],டாபர் 68₹ கெஸ்(72),Personal Care,generic,4200.0,4896.0,4180.0,Case,72,Yes
1013,DABUR 69RS,டாபர் 69₹,Personal Care,generic,65.0,69.0,62.0,1 unit,,Yes
1012,DABUR 69RS KATTU,டாபர் 69₹ கட்டு,Personal Care,generic,730.0,816.0,720.0,Bundle,,Yes
1592,DETTOL 154RS,,Personal Care,generic,140.0,154.0,138.0,1 unit,,Yes
486,DETTOL 235RS,டெட்டால் 235₹,Personal Care,generic,215.0,235.0,212.0,1 unit,,Yes
488,DETTOL 40 RS,டெட்டால் 40₹,Personal Care,generic,38.0,40.0,37.0,1 unit,,Yes
487,DETTOL 83RS,டெட்டால் 83₹,Personal Care,generic,78.0,83.0,76.0,1 unit,,Yes
489,DETTOL COOL 10RS,டெட்டால் வுல் 10₹,Personal Care,generic,9.5,10.0,9.1,1 unit,,Yes
492,DETTOL COOL 33RS,டெட்டால் வுல் 33₹,Personal Care,generic,33.0,,32.0,1 unit,,Yes
490,DETTOL GREEN 10RS,டெட்டால் பச்சை 10₹,Personal Care,generic,9.5,10.0,9.1,1 unit,,Yes
2141,DETTOL GREEN 185RS,,Personal Care,generic,180.0,185.0,175.0,1 unit,,Yes
491,DETTOL GREEN 38RS,டெட்டால் பச்சை 38₹,Personal Care,generic,37.0,38.0,36.0,1 unit,,Yes
1379,DETTOL SOAP  BLUE 182RS,டெ;ட்டால் சொப்பு புளு 182₹,Personal Care,soap,180.0,182.0,170.0,1 unit,,Yes
1534,DOVE SOAP 60RS,,Personal Care,soap,57.0,60.0,56.0,1 unit,,Yes
79,DRY MANGO POWDER,ழரை மெஹ்கொ பவுடா,Personal Care,cream,350.0,500.0,320.0,1 unit,,Yes
78,DRY MANGO POWDER 100G,ழரை மெஹ்கொ பவுடர் 100கி,Personal Care,cream,50.0,80.0,50.0,100 g,,No
843,FAIR&LOVELY 10RS CASE[24],பெர்-லவ்லி 10₹ பெட்ழ(24),Personal Care,cream,5130.0,5760.0,5120.0,Case,24,Yes
844,FAIR&LOVELY 10RS KATTU,பெர்-லவ்லி 10₹ கட்டு,Personal Care,cream,220.0,240.0,216.0,Bundle,,Yes
845,FAIR&LOVELY 10RS SARAM,பெர்-லவ்லி 10₹ சரம்,Personal Care,cream,110.0,120.0,108.0,Strip,,Yes
851,FAIR&LOVELY SOAP,பெர்-லவ்லி சொப்பு,Personal Care,soap,0.0,,,1 unit,,No
1422,GILLETE GUARD 12RS BOX[12],,Personal Care,generic,1030.0,1440.0,1020.0,Box,12,Yes
1421,GILLETE GUARD 12RS SAR,,Personal Care,generic,88.0,120.0,85.0,Strip,,Yes
1383,GILLETE GUARD 15RS,,Personal Care,generic,120.0,150.0,118.0,1 unit,,Yes
1423,GILLETE LASER 28RS SAR [10],,Personal Care,generic,220.0,280.0,215.0,Strip,10,Yes
1408,GILLETE PRIESTO 25RS SAR,,Personal Care,generic,200.0,280.0,195.0,Strip,,Yes
904,GILLETE RACER 25RS,,Personal Care,generic,20.0,25.0,19.0,1 unit,,Yes
944,GODREJ EXPERT RS 200,கொத்ரெசூ; எக்ஸ்பர்ட் ₹200,Personal Care,generic,200.0,,175.0,1 unit,,Yes
948,GODREJ RICH CRE RS 15 SAR,கொத்ரெசூ; அரசி கிரிம் ₹15 சரம்,Personal Care,generic,135.0,150.0,130.0,Strip,,Yes
950,GODREJ RICH CRE RS 20,கொத்ரெசூ; கிரிம் ₹20,Personal Care,generic,18.0,20.0,17.75,1 unit,,Yes
949,GODREJ RICH CRE RS 35 PC,கொத்ரெசூ; அரசி கிரிம் ₹35,Personal Care,generic,32.0,35.0,31.0,35 pc,,Yes
947,GODREJ RICH CRE RS 35 SAR,கொத்ரெசூ; அரசி கிரிம் ₹35 சரம்,Personal Care,generic,315.0,350.0,310.0,Strip,,No
2184,GODREJ SELFIE 15RS,,Personal Care,generic,140.0,150.0,130.0,1 unit,,Yes
954,GODREJ SHAMPOO RS28,கொத்ரெசூ; ஷாம்பூ ₹28,Personal Care,shampoo,295.0,336.0,290.0,1 unit,,Yes
2175,GODREJ SPIC 79RS,,Personal Care,generic,75.0,79.0,70.0,1 unit,,Yes
1320,GOKUL POWDER  70G,கொகுல் பவுடர் 70கிராம்,Personal Care,cream,72.0,73.0,69.0,70 g,,Yes
1238,GOKUL POWDER 30G,கொகுல் பவுடர் 30கிராம்,Personal Care,cream,39.0,45.0,37.5,30 g,,Yes
2150,GOKUL SOAP 42RS,,Personal Care,soap,40.0,42.0,39.0,1 unit,,Yes
874,HAMAM 10RS,யுமாம் 10₹,Personal Care,soap,9.15,10.0,9.1,1 unit,,Yes
873,HAMAM 10RS CAS[288],யுமாம் 10₹ பெட்ழ(288),Personal Care,soap,2500.0,2880.0,2480.0,1 unit,288,Yes
876,HAMAM 38RS,யுமாம் 38₹,Personal Care,soap,35.0,38.0,34.5,1 unit,,Yes
875,HAMAM 38RS CAS[144],யுமாம் 38₹ பெட்ழ(144),Personal Care,soap,4720.0,5472.0,4700.0,1 unit,144,Yes
1218,HIM. PASTE 100G,,Personal Care,toothpaste,51.0,55.0,50.0,100 g,,Yes
1217,HIM. PASTE 20RS KATTU[5+1],,Personal Care,toothpaste,92.0,120.0,90.0,Bundle,5,Yes
1074,HIM. SHAMPOO BLUE RS 4,,Personal Care,shampoo,48.0,80.0,45.0,1 unit,,Yes
1075,HIM. SHAMPOO ROSE RS4,,Personal Care,shampoo,48.0,80.0,45.0,1 unit,,Yes
1216,HIM.CUCUMBER SOAP,,Personal Care,soap,31.0,33.0,34.0,1 unit,,Yes
1215,HIM.NEEM SOAP,,Personal Care,soap,32.0,34.0,31.0,1 unit,,Yes
2014,HIMALAYA SHAMPOO 2RS,,Personal Care,shampoo,28.0,32.0,26.0,1 unit,,Yes
872,INTER LUX 40RS,ஈன்டெர் லக்ஸ் 40₹,Personal Care,soap,38.0,40.0,37.0,1 unit,,Yes
741,IODEX 15RS,ஐயொடெக்ஸ் 15₹,Personal Care,cream,160.0,180.0,155.0,1 unit,,Yes
743,IODEX 40RS KATTU,ஐயொடெக்ஸ் 40₹ கட்டு,Personal Care,cream,825.0,960.0,820.0,Bundle,,Yes
742,IODEX 48RS,ஐயொடெக்ஸ் 48₹,Personal Care,cream,45.0,48.0,43.0,1 unit,,Yes
1319,KARTHIKA SHAMPOO 1RS SAR,கார்த்திகா ஷாம்பூ 1₹ சரம்,Personal Care,shampoo,18.0,20.0,18.0,Strip,,Yes
2158,KITE POWDER 1RS,,Personal Care,cream,11.0,12.0,10.0,1 unit,,Yes
865,LUX (R)10RS  [216],லக்ஸ்(ஆர்)10₹ (216),Personal Care,soap,1950.0,2160.0,1940.0,1 unit,216,Yes
867,LUX (W)10RS,லக்ஸ்(டபிள்யூ)10₹,Personal Care,soap,9.15,10.0,9.1,1 unit,,No
870,LUX ROSE 105RS,லக்ஸ ரொஸ் 10₹,Personal Care,soap,102.0,105.0,100.0,1 unit,,Yes
868,LUX ROSE 36RS CAS[144],லக்ஸ ரொஸ் 36₹ பெட்ழ(144),Personal Care,soap,4720.0,5184.0,4700.0,1 unit,144,Yes
869,LUX ROSE 38RS,லக்ஸ ரொஸ் 38₹,Personal Care,soap,36.0,38.0,35.0,1 unit,,Yes
871,LUX WHIT 36RS,லக்ஸ ரொஸ் 36₹,Personal Care,soap,34.0,36.0,33.0,1 unit,,Yes
866,LUX( R)10RS,லக்ஸ்(ஆர்)10₹,Personal Care,soap,9.15,10.0,9.1,1 unit,,Yes
312,MEDIMIX 10RS,மெழமிக்ஸ் 10₹,Personal Care,soap,9.0,10.0,8.5,1 unit,,Yes
313,MEDIMIX 10RS KATTU,மெழமிக்ஸ் 10₹ கட்டு,Personal Care,soap,210.0,240.0,200.0,Bundle,,Yes
314,MEDIMIX 35RS,மெழமிக்ஸ் 35₹,Personal Care,soap,33.0,35.0,32.0,1 unit,,Yes
315,MEDIMIX 52RS,மெழமிக்ஸ் 52₹,Personal Care,soap,48.0,52.0,46.0,1 unit,,Yes
1315,MEERA ONION 2RS KATTU[12],மீரா ஆனியன் 2₹ கட்டு (12),Personal Care,generic,400.0,480.0,395.0,Bundle,12,Yes
1314,MEERA ONION 2RS SAR,மீரா ஆனியன் 2₹ சரம்,Personal Care,generic,35.0,40.0,35.0,Strip,,Yes
1318,MEERA SHIKAI 4RS SAR,மீரா சீயக்காய் 4₹ சரம்,Personal Care,generic,55.0,60.0,66.0,Strip,,Yes
2163,MINIKUTTY DELUX,,Personal Care,soap,260.0,300.0,250.0,1 unit,,Yes
1487,MOOV 15RS SAR,_வ் 15₹ சரம்,Personal Care,cream,212.0,240.0,210.0,Strip,,Yes
1488,MOOV RS 55,_வ் 55₹,Personal Care,cream,52.0,55.0,51.5,1 unit,,Yes
2239,NYCIL 10RS [25],நைசில் ₹10 (25+1),Personal Care,cream,230.0,300.0,225.0,1 unit,25,Yes
945,NYCIL RS 145 PC,நைசில் ₹145,Personal Care,cream,125.0,145.0,115.0,145 pc,,Yes
885,PEPSOD 10RS,பெப்சொடன்ட் 10₹,Personal Care,toothpaste,0.0,,,1 unit,,Yes
884,PEPSOD 10RS[12 PC],பெப்சொடன்ட் 10₹ (12),Personal Care,toothpaste,110.0,120.0,108.0,12 pc,,Yes
886,PEPSOD 20RS [12 PC],பெப்சொடன்ட் 20₹ (12),Personal Care,toothpaste,220.0,240.0,220.0,12 pc,,Yes
887,PEPSOD 69RS,பெப்சொடன்ட் 69₹,Personal Care,toothpaste,65.0,69.0,63.0,1 unit,,Yes
888,PEPSODENT 60RS [12 PC],பெப்சொடன்ட் 60₹ (12),Personal Care,toothpaste,660.0,720.0,660.0,12 pc,,Yes
860,PONDA WHITE 80RS,பான்ட்ஸ் வைட் 80₹,Personal Care,cream,75.0,80.0,73.0,1 unit,,Yes
856,PONDS 100G,பான்ட்ஸ் 100கி,Personal Care,cream,112.0,120.0,115.0,100 g,,Yes
855,PONDS 50G,பான்ட்ஸ் 50கி,Personal Care,cream,78.0,,71.0,50 g,,Yes
853,PONDS POW 10RS [22 PCS],பான்ட்ஸ் பவுடர் 10₹(22),Personal Care,cream,195.0,220.0,200.0,22 pc,,Yes
852,PONDS POW 10RS[12],பான்ட்ஸ் பவுடர் 10₹(12),Personal Care,cream,2260.0,2640.0,2250.0,1 unit,12,Yes
854,PONDS POWDER 10RS,பான்ட்ஸ் பவுடர் 10₹,Personal Care,cream,9.0,10.0,9.0,1 unit,,Yes
858,PONDS WHITE 10RS,பான்ட்ஸ் வைட் 10₹,Personal Care,cream,108.0,120.0,105.0,1 unit,,Yes
857,PONDS WHITE 10RS [24S],பான்ட்ஸ் வைட் 10₹(24),Personal Care,cream,2400.0,2880.0,2380.0,1 unit,,No
859,PONDS WHITE 52RS,பான்ட்ஸ் வைட் 52₹,Personal Care,cream,48.0,52.0,47.0,1 unit,,Yes
432,RATAL PASTE,ரடல் பெஸ்ட்,Personal Care,toothpaste,25.0,30.0,24.0,1 unit,,Yes
55,SOAP BOX,சொப்பு பாக்ஸ்,Personal Care,soap,80.0,120.0,75.0,Box,,Yes
517,STAYFREE 32RS CASE  [120],ஸ்டெப்ரி 32₹ பெட்ழ(120),Personal Care,generic,3020.0,3840.0,3000.0,Case,120,Yes
516,STAYFREE 37RS,ஸ்டெப்ரி 37₹,Personal Care,generic,33.0,37.0,32.0,1 unit,,Yes
518,STAYFREE 40RS PC,ஸ்டெப்ரி 32₹,Personal Care,generic,33.0,40.0,33.0,Piece,,Yes
520,STAYFREE 45RS,ஸ்டெப்ரி 45₹,Personal Care,generic,38.0,42.0,35.0,1 unit,,Yes
519,STAYFREE 45RS CASE,ஸ்டெப்ரி 45₹ பெட்ழ,Personal Care,generic,2350.0,3528.0,2300.0,Case,,Yes
833,SUNSILK 1RS,சன்சில்க் 1₹,Personal Care,shampoo,13.0,16.0,13.0,1 unit,,Yes
832,SUNSILK 1RS CASE[60],சன்சில்க் 1₹ பெட்ழ(60),Personal Care,shampoo,740.0,960.0,730.0,Case,60,Yes
834,SUNSILK 3RS,சன்சில்க் 3₹,Personal Care,shampoo,42.0,48.0,40.0,1 unit,,Yes
1283,TIGER BALM RS47 PC,டைகர் பாம் ₹47,Personal Care,cream,43.0,47.0,42.0,47 pc,,Yes
1016,VATIKA RS 115 PC,வாழகா ₹115,Personal Care,hairoil,108.0,115.0,106.0,115 pc,,Yes
1017,VATIKA RS 180,வாழகா ₹180,Personal Care,hairoil,170.0,180.0,169.0,1 unit,,Yes
1014,VATIKA RS 45 KATTU[6],வாழகா ₹45 கட்டு(6),Personal Care,hairoil,42.0,270.0,41.5,Bundle,6,Yes
1015,VATIKA RS 60,வாழகா ₹60,Personal Care,hairoil,57.0,60.0,56.0,1 unit,,Yes
724,VICKS,விக்ஸ்,Personal Care,cream,120.0,,110.0,1 unit,,Yes
1431,VICKS 1RS  CASE[32],விக்ஸ் 1₹ பெட்ழ(32),Personal Care,cream,3350.0,3776.0,3330.0,Case,32,Yes
1432,VICKS 25RS KATTU[12],விக்ஸ் 25₹ கட்டு(12),Personal Care,cream,240.0,300.0,225.0,Bundle,12,Yes
1433,VICKS 25RS PC,விக்ஸ் 25₹,Personal Care,cream,23.0,25.0,22.0,Piece,,Yes
1434,VICKS 45RS KATTU[12],விக்ஸ் 45₹ கட்டு(12),Personal Care,cream,475.0,480.0,465.0,Bundle,12,Yes
1435,VICKS 45RS PC,விக்ஸ் 45₹,Personal Care,cream,42.0,45.0,40.0,Piece,,Yes
1145,WHISPER 32RS CASE[120],விஸ்பர் 32₹ பெட்ழ(120),Personal Care,generic,3000.0,3840.0,2980.0,Case,120,Yes
1394,WHISPER 40RS,விஸ்பர் 40₹,Personal Care,generic,35.0,40.0,34.0,1 unit,,Yes
1439,WHISPER 40RS CASE[120],விஸ்பர் 40₹ பெட்ழ(120),Personal Care,generic,3600.0,4800.0,3550.0,Case,120,Yes
1395,WHISPER 45RS PC,விஸ்பர் 45₹,Personal Care,generic,38.0,45.0,38.0,Piece,,Yes
1440,WHISPER 48RS CASE[108],விஸ்பர் 48₹ பெட்ழ(108),Personal Care,generic,3850.0,5184.0,3830.0,Case,108,Yes
1396,WHISPER RS50,விஸ்பர் 50₹,Personal Care,generic,44.0,50.0,42.0,1 unit,,Yes
2013,WIN SOAP 10RS,,Personal Care,soap,9.1,10.0,8.7,1 unit,,Yes
1281,ZANDU BALM RS42 PC,சூண்டு பாம் ₹42,Personal Care,cream,38.5,42.0,38.0,42 pc,,Yes
1280,ZANDU BALM RS45KATTU[20],சூண்டு பாம் ₹45 கட்டு(20),Personal Care,cream,770.0,840.0,760.0,1 unit,20,Yes
19,24 KARAT RICE KG,24 கெரட் அரிசி,Rice & Atta,rice,72.0,100.0,70.0,1 unit,,Yes
1388,7 OCLOCK ATTA[20],7 ஓகிளாக் ஆட்டா (20),Rice & Atta,atta,345.0,480.0,340.0,1 unit,20,Yes
2200,AACHI SEMIYA MIX 12RS,,Rice & Atta,noodles,108.0,120.0,105.0,1 unit,,Yes
1076,AASHIR.ATTA 1/2 BAG[60],ஆசிர்.ஆட்டா 1ஃ2கி பை(60),Rice & Atta,atta,1830.0,2100.0,1820.0,Bag,60,Yes
1077,AASHIR.ATTA 1/2 PC,ஆசிர்.ஆட்டா 1ஃ2கி,Rice & Atta,atta,29.0,35.0,32.0,2 pc,,Yes
1078,AASHIR.ATTA 1KG BAG[30],ஆசிர்.ஆட்டா 1கி பை(30),Rice & Atta,atta,1670.0,1950.0,1660.0,1 kg,30,Yes
1079,AASHIR.ATTA 1KG PC,ஆசிர்.ஆட்டா 1கி,Rice & Atta,atta,65.0,,64.0,1 kg,,Yes
909,ANIL SEMIYA BAG[20],அணில் செமியா பை(20),Rice & Atta,noodles,340.0,420.0,333.0,Bag,20,Yes
910,ANIL SEMIYA PC,அணில் செமியா,Rice & Atta,noodles,19.0,21.0,18.0,Piece,,No
1600,APPALAM PONNIE 10RS,அப்பளம் 10₹ பொன்னி கட்டு,Rice & Atta,rice,140.0,200.0,130.0,1 unit,,Yes
2206,APPALAM PONNIE 20RS,அப்பளம் 20₹ பொன்னி கட்டு,Rice & Atta,rice,140.0,200.0,130.0,1 unit,,Yes
1237,ARISI MAVU KG,அரிசி மாவு,Rice & Atta,rice,26.0,50.0,30.0,1 unit,,Yes
1572,ATTA,ஆட்டா,Rice & Atta,atta,50.0,100.0,49.0,1 unit,,Yes
2108,ATTA 5KG,ஆட்டா 5கி,Rice & Atta,atta,235.0,300.0,230.0,5 kg,,Yes
2235,ATTA ELITE 2KG,,Rice & Atta,atta,100.0,250.0,98.0,2 kg,,Yes
2154,ATTA SUNPURE 1/2,,Rice & Atta,atta,28.0,60.0,26.0,1 unit,,Yes
2168,BEEDI PATTASU 15RS,,Rice & Atta,atta,110.0,150.0,100.0,1 unit,,Yes
1464,CHAKKI ATTA KG,சக்கி ஆட்டா 1கி,Rice & Atta,atta,39.0,100.0,38.0,1 unit,,Yes
1343,CORN FLOUR 1/2 PKT,கார்ன் மாவு1ஃ2 பாக்.,Rice & Atta,atta,31.0,60.0,30.0,Packet,,Yes
2000,CORN FLOUR 100G [10],கார்ன் மாவு 100கி (10),Rice & Atta,atta,85.0,300.0,80.0,100 g,10,Yes
1597,CORN FLOUR 1KG,கார்ன் மாவு,Rice & Atta,atta,60.0,100.0,60.0,1 kg,,Yes
1485,CUP SAMBARANI 5RS SAR,கப் சாம்பிராணி 5₹ சரம்,Rice & Atta,rice,90.0,120.0,60.0,Strip,,Yes
2147,FORTUNE ATTA 1KG,,Rice & Atta,atta,100.0,105.0,98.0,1 kg,,Yes
370,IDLY PODI 10RS,ஈட்லி பொழ 10₹,Rice & Atta,spice,80.0,100.0,76.0,1 unit,,Yes
618,IDLY PODI 50G,ஈட்லி பொழ 50கி,Rice & Atta,spice,13.0,30.0,12.0,50 g,,Yes
620,IDLY PODI 50G KATTU,ஈட்;லி பொழ 50கி கட்டு,Rice & Atta,spice,300.0,420.0,280.0,50 g,,Yes
619,IDLY PODI 50G SARAM,ஈட்லி பொழ 50கி சரம்,Rice & Atta,spice,160.0,210.0,150.0,50 g,,Yes
352,IDLY PODI 5RS,ஈட்லி பொழ 5₹,Rice & Atta,spice,38.0,50.0,38.0,1 unit,,Yes
2024,JAVARISI 100G [10],,Rice & Atta,rice,90.0,200.0,85.0,100 g,10,Yes
1498,JAVARISI MAAVU,சூவ்வரிசி மாவு,Rice & Atta,rice,67.0,100.0,65.0,1 unit,,Yes
1496,JAVARISI NYLON,சூவ்வரிசி நைலான்,Rice & Atta,rice,80.0,100.0,68.0,1 unit,,Yes
243,KAARAPATTANI 1KG,காரபட்டாணி 1கி,Rice & Atta,atta,115.0,200.0,120.0,1 kg,,Yes
1593,KARRI ATTAI 10RS,கறி அட்டை 10₹,Rice & Atta,atta,75.0,100.0,75.0,1 unit,,Yes
215,KARRI ATTAI 5RS,கறி அட்டை 5₹,Rice & Atta,atta,42.0,60.0,42.0,1 unit,,Yes
2155,KOZHUKATTAI MAAVU 1/2,,Rice & Atta,atta,35.0,53.0,34.0,1 unit,,Yes
1507,MAIDA,மைதா,Rice & Atta,atta,45.0,50.0,44.0,1 unit,,Yes
510,MAIDA 200G ELIT,மைதா 200கிராம் எலிட்,Rice & Atta,atta,12.0,16.0,13.0,200 g,,Yes
511,MAIDA 500G,மைதா 500கிராம்,Rice & Atta,atta,33.0,34.0,32.0,500 g,,Yes
232,MARAVALI CHIPS 5RS,மரவல்லி சிப்ஸ் 5₹,Rice & Atta,atta,58.0,75.0,58.0,1 unit,,Yes
1393,MAVU JAVARISI KG,மாவு சூவ்வரிசி,Rice & Atta,rice,80.0,120.0,70.0,1 unit,,Yes
12,MAYURI RICE 1KG,மயூரி அரிசி,Rice & Atta,rice,65.0,75.0,60.0,1 kg,,Yes
1146,MAYURI RICE BAG[25],மயூரி அரிசி பை(25),Rice & Atta,rice,1470.0,1750.0,1465.0,Bag,25,Yes
1203,NANDHI 1/2 MAIDA,நந்தி 1ஃ2 மைதா,Rice & Atta,atta,31.0,38.0,30.0,1 unit,,Yes
428,NIRAI MATTAI 5RS,நிரை மட்டை 5₹,Rice & Atta,atta,41.0,,40.0,1 unit,,No
1351,PACHA PATTANI KG,பச்சை பட்டாணி,Rice & Atta,atta,225.0,,220.0,1 unit,,Yes
16,PACHARISI KRISHNA BAG[26],பச்சரிசி கிருஷ்ணா பை(26),Rice & Atta,rice,870.0,1000.0,1120.0,Bag,26,Yes
1367,PATTAI KG,பட்டை 1கி,Rice & Atta,atta,300.0,1000.0,285.0,1 unit,,Yes
214,PATTAI KRAMBU 5RS,பட்டை கிராம்பு 5₹,Rice & Atta,atta,42.0,60.0,40.0,1 unit,,Yes
1130,PATTANI MANJAL,பட்டாணி மஞ்சள்,Rice & Atta,atta,130.0,200.0,125.0,1 unit,,No
1311,PULI DOSAI KG,புளி தொசை,Rice & Atta,pickle,100.0,120.0,100.0,1 unit,,Yes
545,RAGI SAMEYA,ராகி செமியா,Rice & Atta,generic,20.0,30.0,20.0,1 unit,,Yes
2253,RAGI SEMIYA BAG (20),ராகி செமியா (20),Rice & Atta,noodles,400.0,500.0,390.0,Bag,20,Yes
1202,RAVA 1/2 NANDHI,ரவா 1ஃ2 நந்தி,Rice & Atta,atta,32.0,40.0,36.0,1 unit,,Yes
512,RAVA 200G ELIT,ரவை 200கிராம் எலிட்,Rice & Atta,atta,15.0,,13.0,200 g,,Yes
1205,RAVA 200G GANGA,ரவா 200கிராம் கஹ்கா,Rice & Atta,atta,12.0,15.0,11.5,200 g,,Yes
515,RAVA 500G ELIT,ரவை 500கிராம் எலிட்,Rice & Atta,atta,31.0,36.0,32.0,500 g,,Yes
2063,RAVA SMB 1/2,,Rice & Atta,atta,35.0,50.0,32.0,1 unit,,Yes
1204,RICE POW 1/2 GANGA,அரிசி மாவு 1ஃ2 கஹ்கா,Rice & Atta,rice,25.0,50.0,24.0,1 unit,,Yes
509,RICE POW 500G,அரிசி பவுடர் 500கராம் 2,Rice & Atta,rice,33.0,,32.0,500 g,,Yes
507,SAMBA RAVA 200G ELIT,சம்பா ரவை 200கராம் எலிட்,Rice & Atta,rice,12.0,20.0,10.0,200 g,,Yes
508,SAMBA RAVA 500G ELIT,சம்பா ரவை 500கராம் எலிட்,Rice & Atta,rice,33.0,55.0,38.0,500 g,,Yes
409,SAMBAR 10RS,சாம்பார் 10₹,Rice & Atta,rice,75.0,100.0,85.0,1 unit,,Yes
612,SAMBAR 50G,சாம்பார் 50கிராம்,Rice & Atta,rice,19.0,25.0,18.0,50 g,,Yes
614,SAMBAR 50G KATTU,சாம்பார் 50கிராம் கட்டு,Rice & Atta,rice,380.0,500.0,370.0,50 g,,Yes
613,SAMBAR 50G SARAM,சாம்பார் 50கிராம் சரம்,Rice & Atta,rice,190.0,250.0,185.0,50 g,,Yes
348,SAMBAR 5RS,சாம்பார் 5₹,Rice & Atta,rice,40.0,50.0,38.0,1 unit,,Yes
1398,SEMIYA 100G SAVARIT PC,செமியா 100கிராம் செவொரிட்,Rice & Atta,noodles,9.0,11.0,8.5,100 g,,Yes
1241,SENAGUNI PONNIE IDLY5RS KATTU,செனாகுனி பொன்னி ஈட்லி 5₹ கட்டு,Rice & Atta,rice,175.0,250.0,170.0,Bundle,,No
1242,SENAGUNI PONNIE IDLY5RS SAR,செனாகுனி பொன்னி ஈட்லி 5₹ சரம்,Rice & Atta,rice,36.0,50.0,35.0,Strip,,Yes
1261,SUPREME SEMIYA BAG[20],சுப்ரிம் செமியா பை(20),Rice & Atta,noodles,180.0,300.0,230.0,Bag,20,Yes
1262,SUPREME SEMIYA PC,சுப்ரிம் செமியா,Rice & Atta,noodles,10.0,15.0,11.0,Piece,,Yes
2161,VELLA PATTANI,,Rice & Atta,atta,50.0,100.0,48.0,1 unit,,Yes
1036,ZEERAGA SAMBA ALIF KG,சீரகா சம்பா அலிப் 1கி,Rice & Atta,rice,125.0,187.0,120.0,1 unit,,Yes
530,10RS NABATI CASE[144],10₹ நபாட்ழ பெட்ழ(144),Snacks & Biscuits,biscuit,1120.0,1440.0,1060.0,Case,144,Yes
2186,50-50 POTAZOS 10RS [12],,Snacks & Biscuits,chips,108.0,120.0,108.0,1 unit,12,Yes
1553,A2B ALU BUJJA 5RS,,Snacks & Biscuits,chips,70.0,80.0,69.0,1 unit,,Yes
1554,A2B MADRAS MIXTURE 5RS,,Snacks & Biscuits,chips,54.0,60.0,52.0,1 unit,,Yes
2092,ACTIVE POPCORN 10RS,,Snacks & Biscuits,chips,90.0,120.0,90.0,1 unit,,Yes
1510,APPALAM JOTHI 20RS,,Snacks & Biscuits,chips,16.0,25.0,15.75,1 unit,,Yes
2062,APPALAM JOTHI 40RS,,Snacks & Biscuits,chips,32.0,35.0,31.0,1 unit,,Yes
1187,APPALAM KAL. 10RS KAATU[10],அப்பளம் கல்.10₹ கட்டு(10),Snacks & Biscuits,chips,75.0,120.0,70.0,1 unit,10,Yes
2082,ARUN SNACKS 5RS,,Snacks & Biscuits,chips,60.0,75.0,58.0,1 unit,,Yes
2073,ARUN SNACKS 5RS,,Snacks & Biscuits,chips,60.0,75.0,58.0,1 unit,,Yes
2072,BAMBINO SNACKS 5RS,,Snacks & Biscuits,chips,50.0,60.0,50.0,1 unit,,Yes
1153,BANANA CHIPS KG,,Snacks & Biscuits,chips,225.0,300.0,220.0,1 unit,,Yes
240,BISCUIT HEART 1KG,,Snacks & Biscuits,biscuit,115.0,150.0,110.0,1 kg,,Yes
2007,BLACK DATES 500G,,Snacks & Biscuits,nuts,185.0,205.0,170.0,500 g,,Yes
181,BREAD BIG,பிரட் பெரியது,Snacks & Biscuits,cake,24.0,25.0,24.0,1 unit,,Yes
180,BREAD SMALL,பிரட் சிறியது,Snacks & Biscuits,cake,10.0,12.0,12.0,1 unit,,Yes
1475,BRITANIA CAKE 10RS CHOC,பிரிட்டாணியா கெக் 10₹ சாக்,Snacks & Biscuits,cake,110.0,120.0,108.0,1 unit,,Yes
1476,BRITANIA CAKE 10RS STRAW,பிரிட்டாணியா கெக் 10₹ ஸ்ரா,Snacks & Biscuits,cake,110.0,120.0,108.0,1 unit,,No
2084,BRITANIA CAKE 20RS,,Snacks & Biscuits,cake,18.0,20.0,18.0,1 unit,,Yes
2177,BRITANIA ROLL CAKE 10RS [15],,Snacks & Biscuits,cake,140.0,150.0,136.0,1 unit,15,Yes
2103,BROWNIIE CAKE 10RS [21],,Snacks & Biscuits,cake,175.0,210.0,172.0,1 unit,21,Yes
595,CAKE BRITA 10RS SAR,கெக் பிரட்டா 10₹ சரம்,Snacks & Biscuits,cake,110.0,120.0,108.0,Strip,,Yes
596,CAKE BRITA 15RS,கெக் பிரட்டா 15₹,Snacks & Biscuits,cake,14.0,15.0,13.5,1 unit,,No
227,CORN CHIPS 5RS,கார்ன் சிப்ஸ் 5₹,Snacks & Biscuits,chips,58.0,75.0,60.0,1 unit,,Yes
1550,CORN PUFF GREEN 5RS,,Snacks & Biscuits,cake,67.0,75.0,66.0,1 unit,,Yes
2036,CORN PUFF RED 5RS,,Snacks & Biscuits,cake,60.0,70.0,60.0,1 unit,,Yes
2109,CUP CAKE ADITI 5RS,,Snacks & Biscuits,cake,125.0,150.0,125.0,Cup,,Yes
498,DATES 190RS,பெரீச்சம் 190₹,Snacks & Biscuits,nuts,150.0,190.0,145.0,1 unit,,Yes
493,DATES 32RS SEED,பெரீச்சம் 32₹ விதையுள்ளது,Snacks & Biscuits,nuts,30.0,32.0,27.0,1 unit,,Yes
494,DATES 40RS SEEDLESS,பெரீச்சம்; 40₹ விதை நீக்கியது,Snacks & Biscuits,nuts,35.0,40.0,33.0,1 unit,,Yes
497,DATES 80RS,பெரீச்சம் 80₹,Snacks & Biscuits,nuts,70.0,80.0,65.0,1 unit,,Yes
2006,DATES GREEN 200G,,Snacks & Biscuits,nuts,35.0,40.0,34.0,200 g,,No
2067,DRY JAMUN 1RS,,Snacks & Biscuits,pickle,80.0,150.0,75.0,1 unit,,Yes
1548,ELANDHA JAM 1RS,,Snacks & Biscuits,pickle,19.0,24.0,18.5,1 unit,,Yes
505,ELIT CAKE CHOC 10RS SAR,எலிட் கெக் சாக்; 10₹ சரம்,Snacks & Biscuits,cake,110.0,120.0,108.0,Strip,,Yes
506,ELIT CAKE STRAW 10RS SAR,எலிட் கெக் ஸ்ட்ரா 10₹ சரம்,Snacks & Biscuits,cake,110.0,120.0,105.0,Strip,,Yes
2273,ELLU CAKE 10RS[20],எள்ளு கெக் 10₹ (20),Snacks & Biscuits,cake,160.0,200.0,155.0,1 unit,20,Yes
1126,ELLU CAKE JAR RS 5 [60],,Snacks & Biscuits,cake,190.0,300.0,190.0,Jar,60,Yes
2113,GOOD DAY 20RS,,Snacks & Biscuits,biscuit,20.0,,18.0,1 unit,,Yes
559,GOOD DAY BUT 5RS [180],குட்டெ பட் 5₹ (180),Snacks & Biscuits,biscuit,800.0,900.0,790.0,1 unit,180,Yes
558,GOOD DAY CASH 10RS,குட்டெ கெஷ் 10₹,Snacks & Biscuits,biscuit,9.0,10.0,9.0,1 unit,,Yes
557,GOOD DAY CASH 10RS [90],குட்டெ கெஷ் 10₹ (90),Snacks & Biscuits,biscuit,820.0,900.0,810.0,1 unit,90,Yes
562,GOOD DAY CASH 5RS,குட்டெ கெஷ் 5₹,Snacks & Biscuits,biscuit,55.0,60.0,54.0,1 unit,,Yes
561,GOOD DAY CASH 5RS [180],குட்டெ கெஷ் 5₹(180),Snacks & Biscuits,biscuit,800.0,900.0,790.0,1 unit,180,Yes
1522,GULAB JAMUN GRB,,Snacks & Biscuits,pickle,90.0,,90.0,1 unit,,Yes
1139,HIDE&SEEK 10RS BOX [20],,Snacks & Biscuits,biscuit,180.0,200.0,175.0,Box,20,Yes
1268,HIDE&SEEK 30RS KATTU[18],,Snacks & Biscuits,biscuit,450.0,540.0,440.0,Bundle,18,Yes
1140,HIDE&SEEK 30RS PC,,Snacks & Biscuits,biscuit,27.0,30.0,26.0,Piece,,Yes
1512,ITC BOURBON 10RS,,Snacks & Biscuits,biscuit,105.0,120.0,101.0,1 unit,,Yes
2122,JAM O JAM 5RS,,Snacks & Biscuits,pickle,180.0,200.0,170.0,1 unit,,Yes
1502,JIM JAM,,Snacks & Biscuits,pickle,9.2,10.0,9.1,1 unit,,Yes
2111,JIM JAM 5RS [28],,Snacks & Biscuits,pickle,125.0,140.0,125.0,1 unit,28,Yes
195,KAARAMANILA 5RS,காரமணிலா,Snacks & Biscuits,generic,42.0,60.0,40.0,1 unit,,Yes
495,KIMIA DATES,கிமியா டெ;டஸ்,Snacks & Biscuits,nuts,135.0,150.0,130.0,1 unit,,Yes
244,KUCHI CHIPS 1KG,குச்சி சிப்ஸ்,Snacks & Biscuits,chips,125.0,150.0,120.0,1 kg,,Yes
229,KUCHI CHIPS 5RS,குச்சி சிப்ஸ் 5₹,Snacks & Biscuits,chips,58.0,75.0,58.0,1 unit,,Yes
713,KURKURE ORANGE 5RS,குர்குரெ ஆரஞ்சு 5₹,Snacks & Biscuits,chips,67.0,75.0,67.0,1 unit,,Yes
712,KURKURE RED 5RS,குர்குரெ சிவப்பு 5₹,Snacks & Biscuits,chips,70.0,75.0,67.0,1 unit,,Yes
2139,LAVIAN CAKE 5RS,,Snacks & Biscuits,cake,200.0,250.0,200.0,1 unit,,Yes
711,LAYS 10RS,லெஸ் 10₹,Snacks & Biscuits,chips,0.0,,,1 unit,,Yes
1603,LAYS ASSORTED 5RS,லெஸ் 5₹,Snacks & Biscuits,chips,66.0,75.0,66.0,1 unit,,Yes
706,LAYS BLUE 5RS,லெஸ் நீலம் 5₹,Snacks & Biscuits,chips,70.0,75.0,66.0,1 unit,,Yes
705,LAYS GREEN 5RS,லெஸ் பச்சை 5₹,Snacks & Biscuits,chips,66.0,75.0,66.0,1 unit,,Yes
710,LAYS MINT 5RS,லெஸ் மின்ட் 5₹,Snacks & Biscuits,chips,70.0,75.0,66.0,1 unit,,Yes
708,LAYS ORANGE 5RS,லெஸ் ஆரஞ்சு 5₹,Snacks & Biscuits,chips,70.0,75.0,66.0,1 unit,,Yes
707,LAYS RED 5RS,லெஸ் சிவப்பு 5₹,Snacks & Biscuits,chips,66.0,75.0,66.0,1 unit,,Yes
709,LAYS YELLOW 5RS,லெஸ் மஞ்சள் 5₹,Snacks & Biscuits,chips,70.0,75.0,66.0,1 unit,,Yes
717,LION DATES 100G,லயன் பெரீச்சம் 100கி,Snacks & Biscuits,nuts,34.0,37.0,32.5,100 g,,Yes
718,LION DATES 200G,லயன் பெரீச்சம் 200கி,Snacks & Biscuits,nuts,54.0,62.0,53.0,200 g,,Yes
2136,LION DATES SYRUP 250G,,Snacks & Biscuits,nuts,110.0,115.0,105.0,250 g,,Yes
2249,LION JAM 23RS,,Snacks & Biscuits,pickle,21.0,23.0,20.0,1 unit,,Yes
1454,M.T.R GULAB JAMUN SET,,Snacks & Biscuits,pickle,135.0,180.0,132.0,1 unit,,Yes
1121,MANILA CAKE 10RS[10]  KATTU,மணிலா கெக் 10₹(10),Snacks & Biscuits,cake,80.0,100.0,75.0,Bundle,10,Yes
1198,MANILA CAKE 2RS KATTU[75],மணிலா கெக் 2₹ கட்டு(75),Snacks & Biscuits,cake,126.0,160.0,105.0,Bundle,75,Yes
1122,MANILA CAKE 5RS[12] PKT,மணிலா கெக் 5₹(12) கட்டு,Snacks & Biscuits,cake,50.0,60.0,45.0,Packet,12,Yes
1125,MANILA CAKE JAR 5RS[60],,Snacks & Biscuits,cake,190.0,300.0,190.0,Jar,60,Yes
2191,MANILA CAKE SRIMIRI 5RS,,Snacks & Biscuits,cake,180.0,250.0,175.0,1 unit,,Yes
1127,MANILA URUNDAI 5RS [60],மணிலா உருண்டை 5₹(60),Snacks & Biscuits,generic,200.0,300.0,193.0,1 unit,60,Yes
186,MANILAPAYIR 5RS,மணிலா பயிர் 5₹,Snacks & Biscuits,generic,42.0,60.0,40.0,1 unit,,Yes
1117,MANILAPAYIR KG GM,மணிலா பயிர்,Snacks & Biscuits,generic,165.0,200.0,175.0,1 unit,,Yes
1118,MANILAPAYIR KG THANGAM,மணிலா பயிர் 1கி தஹ்கம்,Snacks & Biscuits,generic,153.0,200.0,152.0,1 unit,,Yes
575,MARIE 10RS,மெரி 10₹,Snacks & Biscuits,biscuit,9.0,10.0,9.0,1 unit,,Yes
574,MARIE 10RS [72],மெரி 10₹,Snacks & Biscuits,biscuit,640.0,720.0,635.0,1 unit,72,Yes
2096,MARIE 10RS [96],மெரி 10₹ (96),Snacks & Biscuits,biscuit,855.0,960.0,848.0,1 unit,96,Yes
2229,MARIE 20RS,,Snacks & Biscuits,biscuit,18.1,20.0,18.0,1 unit,,Yes
571,MARIE 30RS,மெரி 30₹,Snacks & Biscuits,biscuit,30.0,35.0,27.0,1 unit,,Yes
570,MARIE 30RS [30],மெரி 30₹ (30),Snacks & Biscuits,biscuit,820.0,900.0,800.0,1 unit,30,Yes
573,MARIE 5RS,மெரி 5₹,Snacks & Biscuits,biscuit,55.0,60.0,54.0,1 unit,,Yes
572,MARIE 5RS[168],மெரி 5₹ (168),Snacks & Biscuits,biscuit,740.0,840.0,745.0,1 unit,168,Yes
1225,MAYIL APPALAM 10RS KATTU[20],மயில் அப்பளம் 10₹ கட்டு(20),Snacks & Biscuits,chips,135.0,240.0,130.0,Bundle,20,Yes
1226,MAYIL APPALAM 20RS KATTU[20],மயில் அப்பளம் 20₹ கட்டு(20),Snacks & Biscuits,chips,245.0,500.0,260.0,Bundle,20,Yes
1245,MAYIL APPALAM 60RS PC,மயில் அப்பளம் 60₹,Snacks & Biscuits,chips,45.0,60.0,40.0,Piece,,Yes
236,MIXTURE 1KG,மிக்சர் 1கி,Snacks & Biscuits,chips,115.0,150.0,140.0,1 kg,,Yes
239,MULLU MURUKKU 1KG,முள்ளு முறுக்கு 1கி,Snacks & Biscuits,chips,115.0,150.0,140.0,1 kg,,Yes
1468,NABATI 144,நபாட்ழ 144,Snacks & Biscuits,biscuit,1100.0,1440.0,1090.0,1 unit,,Yes
2041,NABATI ASSORTED 10RS,,Snacks & Biscuits,biscuit,8.0,10.0,8.0,1 unit,,Yes
532,NABATI CHOC 10RS,நபாட்ழ சாக்.10₹,Snacks & Biscuits,biscuit,9.0,10.0,8.0,1 unit,,Yes
535,NABATI CHOC 5RS,நபாட்ழ சாக் 5₹,Snacks & Biscuits,biscuit,160.0,180.0,150.0,1 unit,,Yes
529,NABATI CREAM WAFER 10RS,நபாட்ழ கிரீம் வெபர் 10₹,Snacks & Biscuits,biscuit,110.0,120.0,105.0,1 unit,,Yes
2194,NABATI SIIP 10RS,,Snacks & Biscuits,biscuit,105.0,120.0,100.0,1 unit,,Yes
533,NABATI STRAW 10RS,நபாட்ழ ஸ்ட்ரா 10₹,Snacks & Biscuits,biscuit,9.0,10.0,8.0,1 unit,,Yes
534,NABATI WHITE 10RS,நபாட்ழ வெள்ளை 10₹,Snacks & Biscuits,biscuit,9.0,10.0,8.0,1 unit,,No
2142,NAVEEN SNACKS,,Snacks & Biscuits,chips,40.0,,35.0,1 unit,,Yes
528,NEXTOR BISCUIT 10RS,நெக்ஸ்டார் பிஸ்கட் 10₹,Snacks & Biscuits,biscuit,110.0,120.0,105.0,1 unit,,Yes
2218,NICE CAKE  5RS VRS,,Snacks & Biscuits,cake,210.0,300.0,200.0,1 unit,,Yes
1288,NICE CAKE 1RS,நைஸ் கெக் 1₹,Snacks & Biscuits,cake,46.0,60.0,45.0,1 unit,,Yes
1539,NICE CAKE 5RS,நைஸ் கெக் 5₹,Snacks & Biscuits,cake,105.0,150.0,100.0,1 unit,,Yes
182,NILA BISCUIT,நிலா பிஸ்கட்,Snacks & Biscuits,biscuit,18.0,24.0,18.0,1 unit,,Yes
1132,NUMMA RUSK 10RS BOX [32],நும்மா ரஸ்க் 10₹ பெட்ழ(32),Snacks & Biscuits,biscuit,280.0,320.0,276.0,Box,32,Yes
1133,NUMMA RUSK 10RS PC,நும்மா ரஸ்க் 10₹,Snacks & Biscuits,biscuit,9.1,10.0,9.0,Piece,,Yes
577,NUTRI 10RS,நுஸட்ரி 10₹,Snacks & Biscuits,generic,9.5,10.0,9.0,1 unit,,Yes
576,NUTRI 10RS [96],நுஸட்ரி 10₹ (96),Snacks & Biscuits,generic,860.0,960.0,850.0,1 unit,96,Yes
578,NUTRI 25RS,நுஸட்ரி 25₹,Snacks & Biscuits,generic,23.0,25.0,22.8,1 unit,,Yes
579,NUTRI 25RS [72],நுஸட்ரி 25₹ (72),Snacks & Biscuits,generic,1620.0,1800.0,1600.0,1 unit,72,Yes
2263,PANJAVANI SNACKS 5RS  [12],,Snacks & Biscuits,chips,54.0,60.0,52.0,1 unit,12,Yes
2226,POTATTO BISCUIT 10RS,,Snacks & Biscuits,biscuit,110.0,120.0,108.0,1 unit,,Yes
1605,RUSK BLUE 10RS,,Snacks & Biscuits,biscuit,100.0,,8.75,1 unit,,Yes
2259,RUSK BLUE 10RS (48),,Snacks & Biscuits,biscuit,44.0,480.0,420.0,1 unit,48,Yes
593,RUSK BRITA 10RS,ரஸ்க் பிரட்டா 10₹,Snacks & Biscuits,biscuit,9.0,10.0,9.0,1 unit,,Yes
594,RUSK BRITA 10RS [64],ரஸ்க் பிரட்டா 10₹ (64),Snacks & Biscuits,biscuit,580.0,640.0,575.0,1 unit,64,Yes
591,RUSK BRITA 40RS,ரஸ்க் பிரட்டா 40₹,Snacks & Biscuits,biscuit,37.0,40.0,36.0,1 unit,,Yes
592,RUSK BRITA 40RS [32],ரஸ்க் பிரட்டா 40₹ (32),Snacks & Biscuits,biscuit,1145.0,,1130.0,1 unit,32,Yes
2188,SNACKS [18*1],,Snacks & Biscuits,chips,18.0,24.0,18.0,1 unit,,Yes
2189,SNACKS [24*1],,Snacks & Biscuits,chips,25.0,30.0,24.0,1 unit,,Yes
1090,SUN MARIE 10RS CASE[72],சன் மெரி 10₹ பெட்ழ(72),Snacks & Biscuits,biscuit,600.0,720.0,570.0,Case,72,Yes
1091,SUN MARIE 10RS PC,சன் மெரி 10₹,Snacks & Biscuits,biscuit,9.0,10.0,8.75,Piece,,Yes
1403,SURUTTU SEVAL PC,சுருட்டு செவல் 1எண்.,Snacks & Biscuits,chips,55.0,80.0,50.0,Piece,,Yes
496,TAUFIQ DATES,தெளபிக் டெட்ஸ்,Snacks & Biscuits,nuts,175.0,200.0,170.0,1 unit,,Yes
183,THAENGAI BISCUIT,தெஹ்காய் பிஸ்கட்,Snacks & Biscuits,biscuit,18.0,24.0,18.0,1 unit,,Yes
1573,THENGAI CAKE 5RS,,Snacks & Biscuits,cake,170.0,200.0,165.0,1 unit,,Yes
2156,TREAT WAFER 5RS,,Snacks & Biscuits,chips,145.0,160.0,142.0,1 unit,,Yes
233,URULAI CHIPS 10RS,உருளை சிப்ஸ் 10₹,Snacks & Biscuits,chips,116.0,120.0,120.0,1 unit,,Yes
2211,VADAVAM 10RS,வடவம் 10₹,Snacks & Biscuits,generic,80.0,100.0,75.0,1 unit,,Yes
234,VADAVAM 2RS,வடவம் 2₹,Snacks & Biscuits,generic,35.0,50.0,35.0,1 unit,,Yes
235,VADAVAM 5RS,வடவம் 5₹,Snacks & Biscuits,generic,80.0,100.0,75.0,1 unit,,Yes
1596,WINKIES CAKE 10RS,,Snacks & Biscuits,cake,108.0,120.0,106.0,1 unit,,Yes
2046,WINKIES CAKE 20RS,,Snacks & Biscuits,cake,18.5,20.0,18.2,1 unit,,Yes
2128,WINKIES CAKE 5RS,,Snacks & Biscuits,cake,4.5,5.0,4.5,1 unit,,Yes
160,4RS PEN,4₹ பெனா,Stationery & General,pen,60.0,80.0,50.0,1 unit,,Yes
39,555 ROPE,555 ரொப்,Stationery & General,rope,100.0,120.0,90.0,1 unit,,Yes
140,APSARA ERASER,அப்சரா எரெசர்;,Stationery & General,pen,45.0,60.0,45.0,1 unit,,Yes
142,APSARA ERASER BIG,அப்சரா எரெசர்; பெரியது,Stationery & General,pen,80.0,100.0,78.0,1 unit,,Yes
2217,APSARA GEL PEN 10RS,,Stationery & General,pen,80.0,100.0,78.0,1 unit,,Yes
139,APSARA PENCIL,அப்சரா பென்சில்,Stationery & General,pen,45.0,60.0,44.0,1 unit,,Yes
2278,BALLOON 10RS[12],,Stationery & General,balloon,80.0,120.0,75.0,1 unit,12,Yes
1469,BALLOON 1RS,பலூன் 1₹,Stationery & General,balloon,50.0,100.0,49.0,1 unit,,Yes
1492,BALLOON 2RS,பலூன் 2₹,Stationery & General,balloon,52.0,100.0,50.0,1 unit,,Yes
1493,BALLOON 5RS,பலூன் 5₹,Stationery & General,balloon,105.0,250.0,100.0,1 unit,,Yes
308,BULB 60W,பல்ப் 60வாட்,Stationery & General,generic,14.0,15.0,12.0,1 unit,,Yes
152,CAMLIN SKETCH PEN,கெம்லின் ஸ்கெட்ச் பென்,Stationery & General,pen,23.0,25.0,22.0,1 unit,,Yes
28,CELLO TAPE 10RS,செல்லொ டெப் 10₹,Stationery & General,battery,70.0,130.0,70.0,1 unit,,Yes
27,CELLO TAPE 5RS,செல்லொ டெப் 5₹,Stationery & General,battery,40.0,65.0,40.0,1 unit,,Yes
1141,DOMS PENCIL 40RS[KATTU],டொம்ஸ் பென்சில் 40₹(கட்டு),Stationery & General,pen,340.0,400.0,330.0,Bundle,,Yes
1278,DURACELL BATTERY AA,டுராசெல் பெட்டரி ஏஏ,Stationery & General,battery,240.0,300.0,225.0,1 unit,,Yes
1279,DURACELL BATTERY AAA,டுராசெல் பெட்டரி ஏஏஏ,Stationery & General,battery,160.0,180.0,155.0,1 unit,,Yes
56,LIGHTER,லைட்டர்,Stationery & General,match,420.0,500.0,420.0,1 unit,,Yes
2068,LIGHTER GAS,,Stationery & General,match,700.0,1000.0,700.0,1 unit,,Yes
57,LIGHTER PCS,லைட்டர்,Stationery & General,match,8.5,10.0,8.5,Piece,,Yes
1405,LONG SIZE NOTE RULED,லாஹ் சைஸ் நொட் ₹ல்ட்,Stationery & General,book,30.0,50.0,29.0,1 unit,,Yes
1453,LONG SIZE NOTE UNRULED,பெரிய சைஸ் அன்₹ல்ட்,Stationery & General,book,30.0,50.0,29.0,1 unit,,Yes
149,NATRAJ COLOUR PENCIL,நட்ராசூ; கலர் பென்சில்,Stationery & General,pen,15.0,20.0,13.0,1 unit,,Yes
147,NATRAJ ERASER,நட்ராசூ; எரெசர்,Stationery & General,pen,20.0,,18.0,1 unit,,Yes
2157,NATRAJ PEN 4RS,,Stationery & General,pen,52.0,100.0,48.0,1 unit,,Yes
1233,NIPPO AA BATTERY BOX[20],நிப்பொ ஏஏ பெட்டரி பெட்ழ(20),Stationery & General,battery,1920.0,3400.0,1910.0,Box,20,Yes
1274,NIPPO AA BATTERY SAR,நிப்பொ ஏஏ பெட்டரி சரம்,Stationery & General,battery,105.0,170.0,105.0,Strip,,Yes
1276,NIPPO AAA BATTERY BOX[20],நிப்பொ ஏஏஏ பெட்டரி பெட்ழ(20),Stationery & General,battery,1940.0,3400.0,1920.0,Box,20,Yes
1275,NIPPO AAA BATTERY SAR,நிப்பொ ஏஏஏ பெட்டரி சரம்,Stationery & General,battery,108.0,170.0,105.0,Strip,,Yes
1411,PEN JAR SPIRO[60],,Stationery & General,pen,225.0,300.0,220.0,Jar,60,Yes
1382,PEN RORITO 7RS BLUE,பென் டிராரிட்டு 7₹ புளு,Stationery & General,pen,22.0,35.0,22.0,1 unit,,Yes
1412,PEN RS 4[20],பென் ₹4(20),Stationery & General,pen,55.0,80.0,50.0,1 unit,20,Yes
154,TIP 0.5 PENCIL,ழப் 0.5 பென்சில்,Stationery & General,pen,80.0,100.0,75.0,1 unit,,Yes
155,TIP PENCIL O.7,ழப் 0.7 பென்சில்,Stationery & General,pen,80.0,100.0,78.0,1 unit,,Yes
45,WIRE TAPE,வயர் டெப்,Stationery & General,rope,75.0,120.0,70.0,1 unit,,Yes
130,100 BEEDI,100 பீழ,Tobacco & Pan,beedi,295.0,420.0,300.0,1 unit,,Yes
137,100 BEEDI 1PCS,100 பீழ 1எண்,Tobacco & Pan,beedi,16.0,21.0,16.0,1 pc,,Yes
131,100 BEEDI[1/2],100 பீழ (1ஃ2),Tobacco & Pan,beedi,160.0,210.0,160.0,1 unit,,Yes
125,1RS CIGERETE BUNDLE,1₹ சிகடிரட் பண்டல்,Tobacco & Pan,cake,125.0,200.0,125.0,Bundle,,Yes
124,1RS CIGERETTE,1₹ சிகடிரட்,Tobacco & Pan,beedi,8.0,10.0,6.0,1 unit,,Yes
1355,A.T.M BEEDI 10RS[25],ஏ.ழ.எம் பீழ 10₹(25),Tobacco & Pan,beedi,215.0,250.0,210.0,1 unit,25,Yes
2201,AK 47 BEEDI [27],,Tobacco & Pan,beedi,210.0,270.0,208.0,1 unit,27,Yes
2135,AMERICAN CLUB CIG,,Tobacco & Pan,beedi,150.0,200.0,170.0,1 unit,,Yes
2045,DOUBLE SWIFT CIG,,Tobacco & Pan,beedi,200.0,250.0,198.0,1 unit,,No
1586,GANESH BEEDI [31],கணெஷ் பீழ (31),Tobacco & Pan,beedi,250.0,1000.0,265.0,1 unit,31,Yes
1336,INDIMENT CIG,ஈன்ழமென்ட் சிகடிரட்,Tobacco & Pan,beedi,87.0,110.0,88.0,1 unit,,Yes
134,MINIKUTTY BEEDI,மினிகுட்ழ பீழ,Tobacco & Pan,beedi,210.0,250.0,210.0,1 unit,,Yes
161,PASS PASS GREEN,பாஸ் பாஸ் பச்சை,Tobacco & Pan,generic,80.0,100.0,80.0,1 unit,,Yes
993,PASS PASS GREEN PC,பாஸ் பாஸ் பச்சை,Tobacco & Pan,generic,80.0,100.0,79.0,Piece,,Yes
995,PASS PASS RED,பாஸ் பாஸ் சிவப்பு,Tobacco & Pan,generic,46.0,56.0,45.0,1 unit,,Yes
162,PASS PASS RED,பாஸ் பாஸ் சிவப்பு,Tobacco & Pan,generic,47.0,56.0,45.0,1 unit,,Yes
994,PASS PASS ROSE PC,பாஸ் பாஸ் ரொஸ்,Tobacco & Pan,generic,80.0,100.0,79.0,Piece,,Yes
132,SEYDHU BEEDI,செய்யது பீழ,Tobacco & Pan,beedi,270.0,300.0,255.0,1 unit,,Yes
138,SEYDHU BEEDI 1PCS,செய்யது பீழ 1எண்.,Tobacco & Pan,beedi,15.0,21.0,14.0,1 pc,,Yes
133,SEYDHU BEEDI[1/2],செய்யது பீழ(1ஃ2),Tobacco & Pan,beedi,150.0,,140.0,1 unit,,Yes
